run_id,model,segment,curve,alpha,epsilon_smooth,epsilon_bound,kappa,n_triples,satisfied,violation_ratio
20251217_184957,autumn,HMB_1,Mixed-stream,0.5,0.01,0.02,0.0,4399,2623,0.403728120027279
20251217_184957,autumn,HMB_1,Mixed-stream,0.5,0.01,0.02,0.1,4399,2749,0.3750852466469652
20251217_184957,autumn,HMB_1,Mixed-stream,0.5,0.01,0.02,0.2,4399,2874,0.3466696976585588
20251217_184957,autumn,HMB_1,Mixed-stream,0.5,0.01,0.02,0.3,4399,3019,0.3137076608320073
20251217_184957,autumn,HMB_1,Mixed-stream,0.5,0.01,0.02,0.4,4399,3147,0.2846101386678791
20251217_184957,autumn,HMB_1,Mixed-stream,0.5,0.01,0.02,0.5,4399,3266,0.25755853603091616
20251217_184957,autumn,HMB_1,Mixed-stream,0.5,0.01,0.02,0.6,4399,3348,0.23891793589452148
20251217_184957,autumn,HMB_1,Mixed-stream,0.5,0.01,0.02,0.7,4399,3431,0.2200500113662196
20251217_184957,autumn,HMB_1,Mixed-stream,0.5,0.01,0.02,0.8,4399,3488,0.2070925210275063
20251217_184957,autumn,HMB_1,Mixed-stream,0.5,0.01,0.02,0.9,4399,3527,0.19822686974312342
20251217_184957,autumn,HMB_1,Mixed-stream,0.5,0.01,0.02,1.0,4399,3558,0.1911798135939986
20251217_184957,autumn,HMB_1,Mixed-stream,0.5,0.01,0.02,1.1,4399,3582,0.18572402818822464
20251217_184957,autumn,HMB_1,Mixed-stream,0.5,0.01,0.02,1.2,4399,3597,0.18231416230961583
20251217_184957,autumn,HMB_1,Mixed-stream,0.5,0.01,0.02,1.3,4399,3608,0.17981359399863606
20251217_184957,autumn,HMB_1,Mixed-stream,0.5,0.01,0.02,1.4,4399,3622,0.17663105251193456
20251217_184957,autumn,HMB_1,Mixed-stream,0.5,0.01,0.02,1.5,4399,3638,0.17299386224141855
20251217_184957,autumn,HMB_1,Mixed-stream,0.5,0.01,0.02,1.6,4399,3647,0.1709479427142533
20251217_184957,autumn,HMB_1,Mixed-stream,0.5,0.01,0.02,1.7,4399,3660,0.167992725619459
20251217_184957,autumn,HMB_1,Mixed-stream,0.5,0.01,0.02,1.8,4399,3667,0.16640145487610825
20251217_184957,autumn,HMB_1,Mixed-stream,0.5,0.01,0.02,1.9,4399,3673,0.1650375085246647
20251217_184957,autumn,HMB_1,Mixed-stream,0.5,0.01,0.02,2.0,4399,3680,0.16344623778131395
20251217_184957,autumn,HMB_1,Inserted-only,0.5,0.01,0.02,0.0,4399,3726,0.15298931575358032
20251217_184957,autumn,HMB_1,Inserted-only,0.5,0.01,0.02,0.1,4399,3883,0.11729938622414182
20251217_184957,autumn,HMB_1,Inserted-only,0.5,0.01,0.02,0.2,4399,4006,0.08933848601954986
20251217_184957,autumn,HMB_1,Inserted-only,0.5,0.01,0.02,0.3,4399,4071,0.0745624005455785
20251217_184957,autumn,HMB_1,Inserted-only,0.5,0.01,0.02,0.4,4399,4122,0.06296885655830875
20251217_184957,autumn,HMB_1,Inserted-only,0.5,0.01,0.02,0.5,4399,4149,0.05683109797681296
20251217_184957,autumn,HMB_1,Inserted-only,0.5,0.01,0.02,0.6,4399,4172,0.05160263696294609
20251217_184957,autumn,HMB_1,Inserted-only,0.5,0.01,0.02,0.7,4399,4189,0.04773812230052288
20251217_184957,autumn,HMB_1,Inserted-only,0.5,0.01,0.02,0.8,4399,4208,0.04341895885428504
20251217_184957,autumn,HMB_1,Inserted-only,0.5,0.01,0.02,0.9,4399,4218,0.041145714935212574
20251217_184957,autumn,HMB_1,Inserted-only,0.5,0.01,0.02,1.0,4399,4227,0.03909979540804731
20251217_184957,autumn,HMB_1,Inserted-only,0.5,0.01,0.02,1.1,4399,4231,0.03819049784041828
20251217_184957,autumn,HMB_1,Inserted-only,0.5,0.01,0.02,1.2,4399,4237,0.036826551488974735
20251217_184957,autumn,HMB_1,Inserted-only,0.5,0.01,0.02,1.3,4399,4240,0.03614457831325302
20251217_184957,autumn,HMB_1,Inserted-only,0.5,0.01,0.02,1.4,4399,4242,0.0356899295294385
20251217_184957,autumn,HMB_1,Inserted-only,0.5,0.01,0.02,1.5,4399,4244,0.03523528074562399
20251217_184957,autumn,HMB_1,Inserted-only,0.5,0.01,0.02,1.6,4399,4246,0.03478063196180947
20251217_184957,autumn,HMB_1,Inserted-only,0.5,0.01,0.02,1.7,4399,4249,0.034098658786087754
20251217_184957,autumn,HMB_1,Inserted-only,0.5,0.01,0.02,1.8,4399,4250,0.03387133439418044
20251217_184957,autumn,HMB_1,Inserted-only,0.5,0.01,0.02,1.9,4399,4251,0.03364401000227324
20251217_184957,autumn,HMB_1,Inserted-only,0.5,0.01,0.02,2.0,4399,4253,0.033189361218458724
20251217_184957,autumn,HMB_1,Upsampled,0.5,0.01,0.02,0.0,4399,3766,0.14389634007729024
20251217_184957,autumn,HMB_1,Upsampled,0.5,0.01,0.02,0.1,4399,3995,0.09183905433052963
20251217_184957,autumn,HMB_1,Upsampled,0.5,0.01,0.02,0.2,4399,4133,0.06046828824732897
20251217_184957,autumn,HMB_1,Upsampled,0.5,0.01,0.02,0.3,4399,4226,0.03932711979995451
20251217_184957,autumn,HMB_1,Upsampled,0.5,0.01,0.02,0.4,4399,4272,0.028870197772220996
20251217_184957,autumn,HMB_1,Upsampled,0.5,0.01,0.02,0.5,4399,4293,0.02409638554216864
20251217_184957,autumn,HMB_1,Upsampled,0.5,0.01,0.02,0.6,4399,4311,0.020004546487838115
20251217_184957,autumn,HMB_1,Upsampled,0.5,0.01,0.02,0.7,4399,4318,0.018413275744487367
20251217_184957,autumn,HMB_1,Upsampled,0.5,0.01,0.02,0.8,4399,4323,0.017276653784951135
20251217_184957,autumn,HMB_1,Upsampled,0.5,0.01,0.02,0.9,4399,4328,0.016140031825414902
20251217_184957,autumn,HMB_1,Upsampled,0.5,0.01,0.02,1.0,4399,4330,0.015685383041600387
20251217_184957,autumn,HMB_1,Upsampled,0.5,0.01,0.02,1.1,4399,4330,0.015685383041600387
20251217_184957,autumn,HMB_1,Upsampled,0.5,0.01,0.02,1.2,4399,4333,0.015003409865878559
20251217_184957,autumn,HMB_1,Upsampled,0.5,0.01,0.02,1.3,4399,4335,0.014548761082064154
20251217_184957,autumn,HMB_1,Upsampled,0.5,0.01,0.02,1.4,4399,4337,0.01409411229824964
20251217_184957,autumn,HMB_1,Upsampled,0.5,0.01,0.02,1.5,4399,4338,0.013866787906342326
20251217_184957,autumn,HMB_1,Upsampled,0.5,0.01,0.02,1.6,4399,4338,0.013866787906342326
20251217_184957,autumn,HMB_1,Upsampled,0.5,0.01,0.02,1.7,4399,4338,0.013866787906342326
20251217_184957,autumn,HMB_1,Upsampled,0.5,0.01,0.02,1.8,4399,4340,0.01341213912252781
20251217_184957,autumn,HMB_1,Upsampled,0.5,0.01,0.02,1.9,4399,4342,0.012957490338713296
20251217_184957,autumn,HMB_1,Upsampled,0.5,0.01,0.02,2.0,4399,4343,0.012730165946806093
20251217_184957,autumn,HMB_2,Mixed-stream,0.5,0.01,0.02,0.0,15734,7639,0.5144909114020593
20251217_184957,autumn,HMB_2,Mixed-stream,0.5,0.01,0.02,0.1,15734,8264,0.47476801830430915
20251217_184957,autumn,HMB_2,Mixed-stream,0.5,0.01,0.02,0.2,15734,8864,0.4366340409304691
20251217_184957,autumn,HMB_2,Mixed-stream,0.5,0.01,0.02,0.3,15734,9485,0.3971653743485446
20251217_184957,autumn,HMB_2,Mixed-stream,0.5,0.01,0.02,0.4,15734,10075,0.3596669632642685
20251217_184957,autumn,HMB_2,Mixed-stream,0.5,0.01,0.02,0.5,15734,10601,0.326236176433202
20251217_184957,autumn,HMB_2,Mixed-stream,0.5,0.01,0.02,0.6,15734,11028,0.29909749586881906
20251217_184957,autumn,HMB_2,Mixed-stream,0.5,0.01,0.02,0.7,15734,11392,0.2759628829286894
20251217_184957,autumn,HMB_2,Mixed-stream,0.5,0.01,0.02,0.8,15734,11619,0.26153552815558667
20251217_184957,autumn,HMB_2,Mixed-stream,0.5,0.01,0.02,0.9,15734,11794,0.25041311808821665
20251217_184957,autumn,HMB_2,Mixed-stream,0.5,0.01,0.02,1.0,15734,11931,0.24170585992118976
20251217_184957,autumn,HMB_2,Mixed-stream,0.5,0.01,0.02,1.1,15734,12029,0.23547731028346253
20251217_184957,autumn,HMB_2,Mixed-stream,0.5,0.01,0.02,1.2,15734,12120,0.22969365704843014
20251217_184957,autumn,HMB_2,Mixed-stream,0.5,0.01,0.02,1.3,15734,12190,0.2252446930214821
20251217_184957,autumn,HMB_2,Mixed-stream,0.5,0.01,0.02,1.4,15734,12247,0.22162196517096733
20251217_184957,autumn,HMB_2,Mixed-stream,0.5,0.01,0.02,1.5,15734,12289,0.21895258675479856
20251217_184957,autumn,HMB_2,Mixed-stream,0.5,0.01,0.02,1.6,15734,12321,0.21691877462819376
20251217_184957,autumn,HMB_2,Mixed-stream,0.5,0.01,0.02,1.7,15734,12357,0.21463073598576332
20251217_184957,autumn,HMB_2,Mixed-stream,0.5,0.01,0.02,1.8,15734,12381,0.21310537689080966
20251217_184957,autumn,HMB_2,Mixed-stream,0.5,0.01,0.02,1.9,15734,12406,0.2115164611668997
20251217_184957,autumn,HMB_2,Mixed-stream,0.5,0.01,0.02,2.0,15734,12431,0.20992754544298975
20251217_184957,autumn,HMB_2,Inserted-only,0.5,0.01,0.02,0.0,15734,12448,0.20884708275073094
20251217_184957,autumn,HMB_2,Inserted-only,0.5,0.01,0.02,0.1,15734,13133,0.16531079191559683
20251217_184957,autumn,HMB_2,Inserted-only,0.5,0.01,0.02,0.2,15734,13659,0.13188000508453035
20251217_184957,autumn,HMB_2,Inserted-only,0.5,0.01,0.02,0.3,15734,13997,0.11039786449726707
20251217_184957,autumn,HMB_2,Inserted-only,0.5,0.01,0.02,0.4,15734,14247,0.09450870725816707
20251217_184957,autumn,HMB_2,Inserted-only,0.5,0.01,0.02,0.5,15734,14408,0.08427608999618663
20251217_184957,autumn,HMB_2,Inserted-only,0.5,0.01,0.02,0.6,15734,14554,0.07499682216855219
20251217_184957,autumn,HMB_2,Inserted-only,0.5,0.01,0.02,0.7,15734,14636,0.06978517859412736
20251217_184957,autumn,HMB_2,Inserted-only,0.5,0.01,0.02,0.8,15734,14708,0.0652091013092666
20251217_184957,autumn,HMB_2,Inserted-only,0.5,0.01,0.02,0.9,15734,14749,0.06260327952205413
20251217_184957,autumn,HMB_2,Inserted-only,0.5,0.01,0.02,1.0,15734,14782,0.06050591076649292
20251217_184957,autumn,HMB_2,Inserted-only,0.5,0.01,0.02,1.1,15734,14814,0.058472098639888115
20251217_184957,autumn,HMB_2,Inserted-only,0.5,0.01,0.02,1.2,15734,14839,0.05688318291597816
20251217_184957,autumn,HMB_2,Inserted-only,0.5,0.01,0.02,1.3,15734,14861,0.05548493707893731
20251217_184957,autumn,HMB_2,Inserted-only,0.5,0.01,0.02,1.4,15734,14879,0.054340917757722096
20251217_184957,autumn,HMB_2,Inserted-only,0.5,0.01,0.02,1.5,15734,14892,0.053514681581288914
20251217_184957,autumn,HMB_2,Inserted-only,0.5,0.01,0.02,1.6,15734,14900,0.05300622854963777
20251217_184957,autumn,HMB_2,Inserted-only,0.5,0.01,0.02,1.7,15734,14911,0.05230710563111729
20251217_184957,autumn,HMB_2,Inserted-only,0.5,0.01,0.02,1.8,15734,14918,0.05186220922842255
20251217_184957,autumn,HMB_2,Inserted-only,0.5,0.01,0.02,1.9,15734,14932,0.05097241642303296
20251217_184957,autumn,HMB_2,Inserted-only,0.5,0.01,0.02,2.0,15734,14939,0.05052752002033811
20251217_184957,autumn,HMB_2,Upsampled,0.5,0.01,0.02,0.0,15734,12434,0.20973687555612053
20251217_184957,autumn,HMB_2,Upsampled,0.5,0.01,0.02,0.1,15734,13597,0.13582051607982715
20251217_184957,autumn,HMB_2,Upsampled,0.5,0.01,0.02,0.2,15734,14339,0.08866149739417817
20251217_184957,autumn,HMB_2,Upsampled,0.5,0.01,0.02,0.3,15734,14743,0.06298461929579258
20251217_184957,autumn,HMB_2,Upsampled,0.5,0.01,0.02,0.4,15734,14965,0.04887504766747175
20251217_184957,autumn,HMB_2,Upsampled,0.5,0.01,0.02,0.5,15734,15079,0.041629591966442114
20251217_184957,autumn,HMB_2,Upsampled,0.5,0.01,0.02,0.6,15734,15152,0.03698995805262484
20251217_184957,autumn,HMB_2,Upsampled,0.5,0.01,0.02,0.7,15734,15215,0.032985890428371634
20251217_184957,autumn,HMB_2,Upsampled,0.5,0.01,0.02,0.8,15734,15247,0.030952078301766828
20251217_184957,autumn,HMB_2,Upsampled,0.5,0.01,0.02,0.9,15734,15279,0.028918266175162022
20251217_184957,autumn,HMB_2,Upsampled,0.5,0.01,0.02,1.0,15734,15315,0.0266302275327317
20251217_184957,autumn,HMB_2,Upsampled,0.5,0.01,0.02,1.1,15734,15324,0.026058217872124034
20251217_184957,autumn,HMB_2,Upsampled,0.5,0.01,0.02,1.2,15734,15331,0.025613321469429295
20251217_184957,autumn,HMB_2,Upsampled,0.5,0.01,0.02,1.3,15734,15337,0.025231981695690853
20251217_184957,autumn,HMB_2,Upsampled,0.5,0.01,0.02,1.4,15734,15342,0.024914198550908817
20251217_184957,autumn,HMB_2,Upsampled,0.5,0.01,0.02,1.5,15734,15351,0.024342188890301264
20251217_184957,autumn,HMB_2,Upsampled,0.5,0.01,0.02,1.6,15734,15354,0.024151519003432043
20251217_184957,autumn,HMB_2,Upsampled,0.5,0.01,0.02,1.7,15734,15357,0.02396084911656282
20251217_184957,autumn,HMB_2,Upsampled,0.5,0.01,0.02,1.8,15734,15362,0.023643065971780897
20251217_184957,autumn,HMB_2,Upsampled,0.5,0.01,0.02,1.9,15734,15366,0.023388839455955268
20251217_184957,autumn,HMB_2,Upsampled,0.5,0.01,0.02,2.0,15734,15371,0.023071056311173233
20251217_184957,autumn,HMB_3,Mixed-stream,0.5,0.01,0.02,0.0,5277,2644,0.4989577411407997
20251217_184957,autumn,HMB_3,Mixed-stream,0.5,0.01,0.02,0.1,5277,2852,0.4595414061019518
20251217_184957,autumn,HMB_3,Mixed-stream,0.5,0.01,0.02,0.2,5277,3055,0.42107257911692253
20251217_184957,autumn,HMB_3,Mixed-stream,0.5,0.01,0.02,0.3,5277,3296,0.3754026909228728
20251217_184957,autumn,HMB_3,Mixed-stream,0.5,0.01,0.02,0.4,5277,3510,0.33484934621944284
20251217_184957,autumn,HMB_3,Mixed-stream,0.5,0.01,0.02,0.5,5277,3684,0.3018760659465606
20251217_184957,autumn,HMB_3,Mixed-stream,0.5,0.01,0.02,0.6,5277,3840,0.27231381466742466
20251217_184957,autumn,HMB_3,Mixed-stream,0.5,0.01,0.02,0.7,5277,4005,0.24104604889141557
20251217_184957,autumn,HMB_3,Mixed-stream,0.5,0.01,0.02,0.8,5277,4081,0.22664392647337506
20251217_184957,autumn,HMB_3,Mixed-stream,0.5,0.01,0.02,0.9,5277,4143,0.2148948266060261
20251217_184957,autumn,HMB_3,Mixed-stream,0.5,0.01,0.02,1.0,5277,4195,0.20504074284631424
20251217_184957,autumn,HMB_3,Mixed-stream,0.5,0.01,0.02,1.1,5277,4236,0.19727117680500283
20251217_184957,autumn,HMB_3,Mixed-stream,0.5,0.01,0.02,1.2,5277,4260,0.1927231381466743
20251217_184957,autumn,HMB_3,Mixed-stream,0.5,0.01,0.02,1.3,5277,4284,0.18817509948834565
20251217_184957,autumn,HMB_3,Mixed-stream,0.5,0.01,0.02,1.4,5277,4298,0.185522076937654
20251217_184957,autumn,HMB_3,Mixed-stream,0.5,0.01,0.02,1.5,5277,4319,0.18154254311161644
20251217_184957,autumn,HMB_3,Mixed-stream,0.5,0.01,0.02,1.6,5277,4335,0.17851051733939738
20251217_184957,autumn,HMB_3,Mixed-stream,0.5,0.01,0.02,1.7,5277,4343,0.1769945044532879
20251217_184957,autumn,HMB_3,Mixed-stream,0.5,0.01,0.02,1.8,5277,4354,0.17490998673488722
20251217_184957,autumn,HMB_3,Mixed-stream,0.5,0.01,0.02,1.9,5277,4364,0.17301497062725035
20251217_184957,autumn,HMB_3,Mixed-stream,0.5,0.01,0.02,2.0,5277,4372,0.17149895774114077
20251217_184957,autumn,HMB_3,Inserted-only,0.5,0.01,0.02,0.0,5277,4549,0.1379571726359674
20251217_184957,autumn,HMB_3,Inserted-only,0.5,0.01,0.02,0.1,5277,4743,0.10119386014781129
20251217_184957,autumn,HMB_3,Inserted-only,0.5,0.01,0.02,0.2,5277,4871,0.0769376539700587
20251217_184957,autumn,HMB_3,Inserted-only,0.5,0.01,0.02,0.3,5277,4956,0.060830017055145014
20251217_184957,autumn,HMB_3,Inserted-only,0.5,0.01,0.02,0.4,5277,5001,0.05230244457077882
20251217_184957,autumn,HMB_3,Inserted-only,0.5,0.01,0.02,0.5,5277,5048,0.043395868864885334
20251217_184957,autumn,HMB_3,Inserted-only,0.5,0.01,0.02,0.6,5277,5073,0.0386583285957931
20251217_184957,autumn,HMB_3,Inserted-only,0.5,0.01,0.02,0.7,5277,5095,0.03448929315899185
20251217_184957,autumn,HMB_3,Inserted-only,0.5,0.01,0.02,0.8,5277,5109,0.03183627060830019
20251217_184957,autumn,HMB_3,Inserted-only,0.5,0.01,0.02,0.9,5277,5124,0.028993746446844826
20251217_184957,autumn,HMB_3,Inserted-only,0.5,0.01,0.02,1.0,5277,5131,0.02766723517149894
20251217_184957,autumn,HMB_3,Inserted-only,0.5,0.01,0.02,1.1,5277,5140,0.025961720674625766
20251217_184957,autumn,HMB_3,Inserted-only,0.5,0.01,0.02,1.2,5277,5145,0.025014212620807275
20251217_184957,autumn,HMB_3,Inserted-only,0.5,0.01,0.02,1.3,5277,5145,0.025014212620807275
20251217_184957,autumn,HMB_3,Inserted-only,0.5,0.01,0.02,1.4,5277,5149,0.024256206177752482
20251217_184957,autumn,HMB_3,Inserted-only,0.5,0.01,0.02,1.5,5277,5150,0.024066704566988784
20251217_184957,autumn,HMB_3,Inserted-only,0.5,0.01,0.02,1.6,5277,5153,0.0234981997346978
20251217_184957,autumn,HMB_3,Inserted-only,0.5,0.01,0.02,1.7,5277,5154,0.023308698123934102
20251217_184957,autumn,HMB_3,Inserted-only,0.5,0.01,0.02,1.8,5277,5154,0.023308698123934102
20251217_184957,autumn,HMB_3,Inserted-only,0.5,0.01,0.02,1.9,5277,5154,0.023308698123934102
20251217_184957,autumn,HMB_3,Inserted-only,0.5,0.01,0.02,2.0,5277,5155,0.023119196513170404
20251217_184957,autumn,HMB_3,Upsampled,0.5,0.01,0.02,0.0,5277,4503,0.1466742467310972
20251217_184957,autumn,HMB_3,Upsampled,0.5,0.01,0.02,0.1,5277,4813,0.08792874739435286
20251217_184957,autumn,HMB_3,Upsampled,0.5,0.01,0.02,0.2,5277,4996,0.05324995262459731
20251217_184957,autumn,HMB_3,Upsampled,0.5,0.01,0.02,0.3,5277,5094,0.03467879476975555
20251217_184957,autumn,HMB_3,Upsampled,0.5,0.01,0.02,0.4,5277,5132,0.02747773356073524
20251217_184957,autumn,HMB_3,Upsampled,0.5,0.01,0.02,0.5,5277,5156,0.022929694902406705
20251217_184957,autumn,HMB_3,Upsampled,0.5,0.01,0.02,0.6,5277,5170,0.02027667235171504
20251217_184957,autumn,HMB_3,Upsampled,0.5,0.01,0.02,0.7,5277,5183,0.017813151411786965
20251217_184957,autumn,HMB_3,Upsampled,0.5,0.01,0.02,0.8,5277,5196,0.015349630471859
20251217_184957,autumn,HMB_3,Upsampled,0.5,0.01,0.02,0.9,5277,5204,0.013833617585749525
20251217_184957,autumn,HMB_3,Upsampled,0.5,0.01,0.02,1.0,5277,5209,0.012886109531931034
20251217_184957,autumn,HMB_3,Upsampled,0.5,0.01,0.02,1.1,5277,5214,0.011938601478112543
20251217_184957,autumn,HMB_3,Upsampled,0.5,0.01,0.02,1.2,5277,5221,0.010612090202766766
20251217_184957,autumn,HMB_3,Upsampled,0.5,0.01,0.02,1.3,5277,5227,0.009475080538184577
20251217_184957,autumn,HMB_3,Upsampled,0.5,0.01,0.02,1.4,5277,5234,0.00814856926283869
20251217_184957,autumn,HMB_3,Upsampled,0.5,0.01,0.02,1.5,5277,5237,0.007580064430547706
20251217_184957,autumn,HMB_3,Upsampled,0.5,0.01,0.02,1.6,5277,5239,0.00720106120902031
20251217_184957,autumn,HMB_3,Upsampled,0.5,0.01,0.02,1.7,5277,5239,0.00720106120902031
20251217_184957,autumn,HMB_3,Upsampled,0.5,0.01,0.02,1.8,5277,5239,0.00720106120902031
20251217_184957,autumn,HMB_3,Upsampled,0.5,0.01,0.02,1.9,5277,5241,0.006822057987492913
20251217_184957,autumn,HMB_3,Upsampled,0.5,0.01,0.02,2.0,5277,5243,0.006443054765965517
20251217_184957,autumn,HMB_4,Mixed-stream,0.5,0.01,0.02,0.0,1972,1188,0.39756592292089254
20251217_184957,autumn,HMB_4,Mixed-stream,0.5,0.01,0.02,0.1,1972,1244,0.36916835699797157
20251217_184957,autumn,HMB_4,Mixed-stream,0.5,0.01,0.02,0.2,1972,1307,0.3372210953346856
20251217_184957,autumn,HMB_4,Mixed-stream,0.5,0.01,0.02,0.3,1972,1360,0.31034482758620685
20251217_184957,autumn,HMB_4,Mixed-stream,0.5,0.01,0.02,0.4,1972,1393,0.29361054766734285
20251217_184957,autumn,HMB_4,Mixed-stream,0.5,0.01,0.02,0.5,1972,1438,0.27079107505071
20251217_184957,autumn,HMB_4,Mixed-stream,0.5,0.01,0.02,0.6,1972,1478,0.25050709939148075
20251217_184957,autumn,HMB_4,Mixed-stream,0.5,0.01,0.02,0.7,1972,1507,0.2358012170385395
20251217_184957,autumn,HMB_4,Mixed-stream,0.5,0.01,0.02,0.8,1972,1543,0.21754563894523327
20251217_184957,autumn,HMB_4,Mixed-stream,0.5,0.01,0.02,0.9,1972,1565,0.20638945233265715
20251217_184957,autumn,HMB_4,Mixed-stream,0.5,0.01,0.02,1.0,1972,1582,0.19776876267748478
20251217_184957,autumn,HMB_4,Mixed-stream,0.5,0.01,0.02,1.1,1972,1598,0.18965517241379315
20251217_184957,autumn,HMB_4,Mixed-stream,0.5,0.01,0.02,1.2,1972,1612,0.1825557809330629
20251217_184957,autumn,HMB_4,Mixed-stream,0.5,0.01,0.02,1.3,1972,1624,0.17647058823529416
20251217_184957,autumn,HMB_4,Mixed-stream,0.5,0.01,0.02,1.4,1972,1631,0.17292089249492903
20251217_184957,autumn,HMB_4,Mixed-stream,0.5,0.01,0.02,1.5,1972,1634,0.1713995943204868
20251217_184957,autumn,HMB_4,Mixed-stream,0.5,0.01,0.02,1.6,1972,1638,0.1693711967545639
20251217_184957,autumn,HMB_4,Mixed-stream,0.5,0.01,0.02,1.7,1972,1644,0.16632860040567954
20251217_184957,autumn,HMB_4,Mixed-stream,0.5,0.01,0.02,1.8,1972,1647,0.1648073022312373
20251217_184957,autumn,HMB_4,Mixed-stream,0.5,0.01,0.02,1.9,1972,1651,0.16277890466531442
20251217_184957,autumn,HMB_4,Mixed-stream,0.5,0.01,0.02,2.0,1972,1653,0.16176470588235292
20251217_184957,autumn,HMB_4,Inserted-only,0.5,0.01,0.02,0.0,1972,1726,0.12474645030425968
20251217_184957,autumn,HMB_4,Inserted-only,0.5,0.01,0.02,0.1,1972,1770,0.10243407707910746
20251217_184957,autumn,HMB_4,Inserted-only,0.5,0.01,0.02,0.2,1972,1803,0.08569979716024345
20251217_184957,autumn,HMB_4,Inserted-only,0.5,0.01,0.02,0.3,1972,1836,0.06896551724137934
20251217_184957,autumn,HMB_4,Inserted-only,0.5,0.01,0.02,0.4,1972,1852,0.0608519269776876
20251217_184957,autumn,HMB_4,Inserted-only,0.5,0.01,0.02,0.5,1972,1865,0.0542596348884381
20251217_184957,autumn,HMB_4,Inserted-only,0.5,0.01,0.02,0.6,1972,1880,0.04665314401622722
20251217_184957,autumn,HMB_4,Inserted-only,0.5,0.01,0.02,0.7,1972,1887,0.0431034482758621
20251217_184957,autumn,HMB_4,Inserted-only,0.5,0.01,0.02,0.8,1972,1895,0.03904665314401623
20251217_184957,autumn,HMB_4,Inserted-only,0.5,0.01,0.02,0.9,1972,1901,0.036004056795131856
20251217_184957,autumn,HMB_4,Inserted-only,0.5,0.01,0.02,1.0,1972,1908,0.032454361054766734
20251217_184957,autumn,HMB_4,Inserted-only,0.5,0.01,0.02,1.1,1972,1912,0.030425963488843855
20251217_184957,autumn,HMB_4,Inserted-only,0.5,0.01,0.02,1.2,1972,1915,0.028904665314401612
20251217_184957,autumn,HMB_4,Inserted-only,0.5,0.01,0.02,1.3,1972,1917,0.027890466531440117
20251217_184957,autumn,HMB_4,Inserted-only,0.5,0.01,0.02,1.4,1972,1919,0.026876267748478733
20251217_184957,autumn,HMB_4,Inserted-only,0.5,0.01,0.02,1.5,1972,1922,0.02535496957403649
20251217_184957,autumn,HMB_4,Inserted-only,0.5,0.01,0.02,1.6,1972,1926,0.02332657200811361
20251217_184957,autumn,HMB_4,Inserted-only,0.5,0.01,0.02,1.7,1972,1927,0.022819472616632863
20251217_184957,autumn,HMB_4,Inserted-only,0.5,0.01,0.02,1.8,1972,1927,0.022819472616632863
20251217_184957,autumn,HMB_4,Inserted-only,0.5,0.01,0.02,1.9,1972,1927,0.022819472616632863
20251217_184957,autumn,HMB_4,Inserted-only,0.5,0.01,0.02,2.0,1972,1928,0.022312373225152116
20251217_184957,autumn,HMB_4,Upsampled,0.5,0.01,0.02,0.0,1972,1735,0.12018255578093306
20251217_184957,autumn,HMB_4,Upsampled,0.5,0.01,0.02,0.1,1972,1819,0.07758620689655171
20251217_184957,autumn,HMB_4,Upsampled,0.5,0.01,0.02,0.2,1972,1866,0.053752535496957354
20251217_184957,autumn,HMB_4,Upsampled,0.5,0.01,0.02,0.3,1972,1896,0.03853955375253548
20251217_184957,autumn,HMB_4,Upsampled,0.5,0.01,0.02,0.4,1972,1911,0.03093306288032449
20251217_184957,autumn,HMB_4,Upsampled,0.5,0.01,0.02,0.5,1972,1920,0.026369168356997985
20251217_184957,autumn,HMB_4,Upsampled,0.5,0.01,0.02,0.6,1972,1925,0.02383367139959436
20251217_184957,autumn,HMB_4,Upsampled,0.5,0.01,0.02,0.7,1972,1931,0.020791075050709984
20251217_184957,autumn,HMB_4,Upsampled,0.5,0.01,0.02,0.8,1972,1939,0.016734279918864114
20251217_184957,autumn,HMB_4,Upsampled,0.5,0.01,0.02,0.9,1972,1939,0.016734279918864114
20251217_184957,autumn,HMB_4,Upsampled,0.5,0.01,0.02,1.0,1972,1942,0.015212981744421872
20251217_184957,autumn,HMB_4,Upsampled,0.5,0.01,0.02,1.1,1972,1942,0.015212981744421872
20251217_184957,autumn,HMB_4,Upsampled,0.5,0.01,0.02,1.2,1972,1942,0.015212981744421872
20251217_184957,autumn,HMB_4,Upsampled,0.5,0.01,0.02,1.3,1972,1943,0.014705882352941124
20251217_184957,autumn,HMB_4,Upsampled,0.5,0.01,0.02,1.4,1972,1944,0.014198782961460488
20251217_184957,autumn,HMB_4,Upsampled,0.5,0.01,0.02,1.5,1972,1944,0.014198782961460488
20251217_184957,autumn,HMB_4,Upsampled,0.5,0.01,0.02,1.6,1972,1944,0.014198782961460488
20251217_184957,autumn,HMB_4,Upsampled,0.5,0.01,0.02,1.7,1972,1945,0.01369168356997974
20251217_184957,autumn,HMB_4,Upsampled,0.5,0.01,0.02,1.8,1972,1946,0.013184584178498993
20251217_184957,autumn,HMB_4,Upsampled,0.5,0.01,0.02,1.9,1972,1948,0.012170385395537497
20251217_184957,autumn,HMB_4,Upsampled,0.5,0.01,0.02,2.0,1972,1948,0.012170385395537497
20251217_184957,autumn,HMB_5,Mixed-stream,0.5,0.01,0.02,0.0,4233,1675,0.6042995511457595
20251217_184957,autumn,HMB_5,Mixed-stream,0.5,0.01,0.02,0.1,4233,1855,0.5617765178360501
20251217_184957,autumn,HMB_5,Mixed-stream,0.5,0.01,0.02,0.2,4233,2050,0.5157098984171982
20251217_184957,autumn,HMB_5,Mixed-stream,0.5,0.01,0.02,0.3,4233,2222,0.47507677769903145
20251217_184957,autumn,HMB_5,Mixed-stream,0.5,0.01,0.02,0.4,4233,2366,0.4410583510512639
20251217_184957,autumn,HMB_5,Mixed-stream,0.5,0.01,0.02,0.5,4233,2511,0.40680368532955347
20251217_184957,autumn,HMB_5,Mixed-stream,0.5,0.01,0.02,0.6,4233,2641,0.37609260571698555
20251217_184957,autumn,HMB_5,Mixed-stream,0.5,0.01,0.02,0.7,4233,2754,0.3493975903614458
20251217_184957,autumn,HMB_5,Mixed-stream,0.5,0.01,0.02,0.8,4233,2817,0.33451452870304743
20251217_184957,autumn,HMB_5,Mixed-stream,0.5,0.01,0.02,0.9,4233,2868,0.32246633593196317
20251217_184957,autumn,HMB_5,Mixed-stream,0.5,0.01,0.02,1.0,4233,2904,0.3139617292700213
20251217_184957,autumn,HMB_5,Mixed-stream,0.5,0.01,0.02,1.1,4233,2931,0.3075832742735648
20251217_184957,autumn,HMB_5,Mixed-stream,0.5,0.01,0.02,1.2,4233,2958,0.3012048192771084
20251217_184957,autumn,HMB_5,Mixed-stream,0.5,0.01,0.02,1.3,4233,2975,0.29718875502008035
20251217_184957,autumn,HMB_5,Mixed-stream,0.5,0.01,0.02,1.4,4233,2984,0.2950626033545949
20251217_184957,autumn,HMB_5,Mixed-stream,0.5,0.01,0.02,1.5,4233,2997,0.291991495393338
20251217_184957,autumn,HMB_5,Mixed-stream,0.5,0.01,0.02,1.6,4233,3011,0.2886841483581384
20251217_184957,autumn,HMB_5,Mixed-stream,0.5,0.01,0.02,1.7,4233,3020,0.2865579966926529
20251217_184957,autumn,HMB_5,Mixed-stream,0.5,0.01,0.02,1.8,4233,3026,0.285140562248996
20251217_184957,autumn,HMB_5,Mixed-stream,0.5,0.01,0.02,1.9,4233,3034,0.2832506496574534
20251217_184957,autumn,HMB_5,Mixed-stream,0.5,0.01,0.02,2.0,4233,3041,0.28159697613985357
20251217_184957,autumn,HMB_5,Inserted-only,0.5,0.01,0.02,0.0,4233,3032,0.28372312780533904
20251217_184957,autumn,HMB_5,Inserted-only,0.5,0.01,0.02,0.1,4233,3262,0.22938814079848802
20251217_184957,autumn,HMB_5,Inserted-only,0.5,0.01,0.02,0.2,4233,3452,0.18450271674935037
20251217_184957,autumn,HMB_5,Inserted-only,0.5,0.01,0.02,0.3,4233,3576,0.1552090715804394
20251217_184957,autumn,HMB_5,Inserted-only,0.5,0.01,0.02,0.4,4233,3655,0.13654618473895586
20251217_184957,autumn,HMB_5,Inserted-only,0.5,0.01,0.02,0.5,4233,3718,0.12166312308055749
20251217_184957,autumn,HMB_5,Inserted-only,0.5,0.01,0.02,0.6,4233,3765,0.11055988660524452
20251217_184957,autumn,HMB_5,Inserted-only,0.5,0.01,0.02,0.7,4233,3799,0.1025277580911883
20251217_184957,autumn,HMB_5,Inserted-only,0.5,0.01,0.02,0.8,4233,3819,0.09780297661233173
20251217_184957,autumn,HMB_5,Inserted-only,0.5,0.01,0.02,0.9,4233,3836,0.09378691235530356
20251217_184957,autumn,HMB_5,Inserted-only,0.5,0.01,0.02,1.0,4233,3849,0.0907158043940468
20251217_184957,autumn,HMB_5,Inserted-only,0.5,0.01,0.02,1.1,4233,3860,0.0881171745806757
20251217_184957,autumn,HMB_5,Inserted-only,0.5,0.01,0.02,1.2,4233,3865,0.08693597921096152
20251217_184957,autumn,HMB_5,Inserted-only,0.5,0.01,0.02,1.3,4233,3871,0.08551854476730447
20251217_184957,autumn,HMB_5,Inserted-only,0.5,0.01,0.02,1.4,4233,3879,0.08362863217576189
20251217_184957,autumn,HMB_5,Inserted-only,0.5,0.01,0.02,1.5,4233,3882,0.08291991495393336
20251217_184957,autumn,HMB_5,Inserted-only,0.5,0.01,0.02,1.6,4233,3886,0.08197495865816207
20251217_184957,autumn,HMB_5,Inserted-only,0.5,0.01,0.02,1.7,4233,3887,0.08173871958421919
20251217_184957,autumn,HMB_5,Inserted-only,0.5,0.01,0.02,1.8,4233,3890,0.08103000236239077
20251217_184957,autumn,HMB_5,Inserted-only,0.5,0.01,0.02,1.9,4233,3892,0.08055752421450513
20251217_184957,autumn,HMB_5,Inserted-only,0.5,0.01,0.02,2.0,4233,3894,0.08008504606661937
20251217_184957,autumn,HMB_5,Upsampled,0.5,0.01,0.02,0.0,4233,3144,0.25726435152374205
20251217_184957,autumn,HMB_5,Upsampled,0.5,0.01,0.02,0.1,4233,3488,0.1759981100874085
20251217_184957,autumn,HMB_5,Upsampled,0.5,0.01,0.02,0.2,4233,3717,0.12189936215450037
20251217_184957,autumn,HMB_5,Upsampled,0.5,0.01,0.02,0.3,4233,3866,0.08669974013701864
20251217_184957,autumn,HMB_5,Upsampled,0.5,0.01,0.02,0.4,4233,3944,0.06827309236947787
20251217_184957,autumn,HMB_5,Upsampled,0.5,0.01,0.02,0.5,4233,3990,0.05740609496810778
20251217_184957,autumn,HMB_5,Upsampled,0.5,0.01,0.02,0.6,4233,4029,0.048192771084337394
20251217_184957,autumn,HMB_5,Upsampled,0.5,0.01,0.02,0.7,4233,4049,0.043467989605480706
20251217_184957,autumn,HMB_5,Upsampled,0.5,0.01,0.02,0.8,4233,4065,0.03968816442239542
20251217_184957,autumn,HMB_5,Upsampled,0.5,0.01,0.02,0.9,4233,4078,0.036617056461138664
20251217_184957,autumn,HMB_5,Upsampled,0.5,0.01,0.02,1.0,4233,4087,0.0344909047956532
20251217_184957,autumn,HMB_5,Upsampled,0.5,0.01,0.02,1.1,4233,4091,0.033545948499881906
20251217_184957,autumn,HMB_5,Upsampled,0.5,0.01,0.02,1.2,4233,4093,0.03307347035199626
20251217_184957,autumn,HMB_5,Upsampled,0.5,0.01,0.02,1.3,4233,4094,0.03283723127805338
20251217_184957,autumn,HMB_5,Upsampled,0.5,0.01,0.02,1.4,4233,4097,0.032128514056224855
20251217_184957,autumn,HMB_5,Upsampled,0.5,0.01,0.02,1.5,4233,4102,0.030947318686510794
20251217_184957,autumn,HMB_5,Upsampled,0.5,0.01,0.02,1.6,4233,4103,0.030711079612567915
20251217_184957,autumn,HMB_5,Upsampled,0.5,0.01,0.02,1.7,4233,4104,0.030474840538625037
20251217_184957,autumn,HMB_5,Upsampled,0.5,0.01,0.02,1.8,4233,4104,0.030474840538625037
20251217_184957,autumn,HMB_5,Upsampled,0.5,0.01,0.02,1.9,4233,4104,0.030474840538625037
20251217_184957,autumn,HMB_5,Upsampled,0.5,0.01,0.02,2.0,4233,4104,0.030474840538625037
20251217_184957,autumn,HMB_6,Mixed-stream,0.5,0.01,0.02,0.0,6304,4080,0.35279187817258884
20251217_184957,autumn,HMB_6,Mixed-stream,0.5,0.01,0.02,0.1,6304,4283,0.3205901015228426
20251217_184957,autumn,HMB_6,Mixed-stream,0.5,0.01,0.02,0.2,6304,4501,0.28600888324873097
20251217_184957,autumn,HMB_6,Mixed-stream,0.5,0.01,0.02,0.3,6304,4700,0.25444162436548223
20251217_184957,autumn,HMB_6,Mixed-stream,0.5,0.01,0.02,0.4,6304,4862,0.22874365482233505
20251217_184957,autumn,HMB_6,Mixed-stream,0.5,0.01,0.02,0.5,6304,4981,0.20986675126903553
20251217_184957,autumn,HMB_6,Mixed-stream,0.5,0.01,0.02,0.6,6304,5100,0.19098984771573602
20251217_184957,autumn,HMB_6,Mixed-stream,0.5,0.01,0.02,0.7,6304,5199,0.1752855329949239
20251217_184957,autumn,HMB_6,Mixed-stream,0.5,0.01,0.02,0.8,6304,5284,0.16180203045685282
20251217_184957,autumn,HMB_6,Mixed-stream,0.5,0.01,0.02,0.9,6304,5349,0.15149111675126903
20251217_184957,autumn,HMB_6,Mixed-stream,0.5,0.01,0.02,1.0,6304,5410,0.14181472081218272
20251217_184957,autumn,HMB_6,Mixed-stream,0.5,0.01,0.02,1.1,6304,5457,0.13435913705583757
20251217_184957,autumn,HMB_6,Mixed-stream,0.5,0.01,0.02,1.2,6304,5486,0.12975888324873097
20251217_184957,autumn,HMB_6,Mixed-stream,0.5,0.01,0.02,1.3,6304,5511,0.12579314720812185
20251217_184957,autumn,HMB_6,Mixed-stream,0.5,0.01,0.02,1.4,6304,5527,0.12325507614213194
20251217_184957,autumn,HMB_6,Mixed-stream,0.5,0.01,0.02,1.5,6304,5546,0.12024111675126903
20251217_184957,autumn,HMB_6,Mixed-stream,0.5,0.01,0.02,1.6,6304,5562,0.11770304568527923
20251217_184957,autumn,HMB_6,Mixed-stream,0.5,0.01,0.02,1.7,6304,5578,0.11516497461928932
20251217_184957,autumn,HMB_6,Mixed-stream,0.5,0.01,0.02,1.8,6304,5590,0.113261421319797
20251217_184957,autumn,HMB_6,Mixed-stream,0.5,0.01,0.02,1.9,6304,5599,0.11183375634517767
20251217_184957,autumn,HMB_6,Mixed-stream,0.5,0.01,0.02,2.0,6304,5609,0.11024746192893398
20251217_184957,autumn,HMB_6,Inserted-only,0.5,0.01,0.02,0.0,6304,5684,0.0983502538071066
20251217_184957,autumn,HMB_6,Inserted-only,0.5,0.01,0.02,0.1,6304,5840,0.07360406091370564
20251217_184957,autumn,HMB_6,Inserted-only,0.5,0.01,0.02,0.2,6304,5945,0.05694796954314718
20251217_184957,autumn,HMB_6,Inserted-only,0.5,0.01,0.02,0.3,6304,6006,0.04727157360406087
20251217_184957,autumn,HMB_6,Inserted-only,0.5,0.01,0.02,0.4,6304,6043,0.04140228426395942
20251217_184957,autumn,HMB_6,Inserted-only,0.5,0.01,0.02,0.5,6304,6075,0.03632614213197971
20251217_184957,autumn,HMB_6,Inserted-only,0.5,0.01,0.02,0.6,6304,6100,0.032360406091370586
20251217_184957,autumn,HMB_6,Inserted-only,0.5,0.01,0.02,0.7,6304,6122,0.02887055837563457
20251217_184957,autumn,HMB_6,Inserted-only,0.5,0.01,0.02,0.8,6304,6139,0.02617385786802029
20251217_184957,autumn,HMB_6,Inserted-only,0.5,0.01,0.02,0.9,6304,6154,0.02379441624365486
20251217_184957,autumn,HMB_6,Inserted-only,0.5,0.01,0.02,1.0,6304,6160,0.022842639593908642
20251217_184957,autumn,HMB_6,Inserted-only,0.5,0.01,0.02,1.1,6304,6163,0.022366751269035534
20251217_184957,autumn,HMB_6,Inserted-only,0.5,0.01,0.02,1.2,6304,6168,0.021573604060913687
20251217_184957,autumn,HMB_6,Inserted-only,0.5,0.01,0.02,1.3,6304,6173,0.02078045685279184
20251217_184957,autumn,HMB_6,Inserted-only,0.5,0.01,0.02,1.4,6304,6177,0.020145939086294362
20251217_184957,autumn,HMB_6,Inserted-only,0.5,0.01,0.02,1.5,6304,6179,0.019828680203045734
20251217_184957,autumn,HMB_6,Inserted-only,0.5,0.01,0.02,1.6,6304,6183,0.019194162436548257
20251217_184957,autumn,HMB_6,Inserted-only,0.5,0.01,0.02,1.7,6304,6183,0.019194162436548257
20251217_184957,autumn,HMB_6,Inserted-only,0.5,0.01,0.02,1.8,6304,6186,0.01871827411167515
20251217_184957,autumn,HMB_6,Inserted-only,0.5,0.01,0.02,1.9,6304,6188,0.01840101522842641
20251217_184957,autumn,HMB_6,Inserted-only,0.5,0.01,0.02,2.0,6304,6189,0.01824238578680204
20251217_184957,autumn,HMB_6,Upsampled,0.5,0.01,0.02,0.0,6304,5715,0.09343274111675126
20251217_184957,autumn,HMB_6,Upsampled,0.5,0.01,0.02,0.1,6304,5942,0.05742385786802029
20251217_184957,autumn,HMB_6,Upsampled,0.5,0.01,0.02,0.2,6304,6067,0.037595177664974666
20251217_184957,autumn,HMB_6,Upsampled,0.5,0.01,0.02,0.3,6304,6141,0.02585659898477155
20251217_184957,autumn,HMB_6,Upsampled,0.5,0.01,0.02,0.4,6304,6184,0.019035532994923887
20251217_184957,autumn,HMB_6,Upsampled,0.5,0.01,0.02,0.5,6304,6199,0.016656091370558346
20251217_184957,autumn,HMB_6,Upsampled,0.5,0.01,0.02,0.6,6304,6209,0.015069796954314763
20251217_184957,autumn,HMB_6,Upsampled,0.5,0.01,0.02,0.7,6304,6216,0.013959390862944177
20251217_184957,autumn,HMB_6,Upsampled,0.5,0.01,0.02,0.8,6304,6226,0.012373096446700482
20251217_184957,autumn,HMB_6,Upsampled,0.5,0.01,0.02,0.9,6304,6231,0.011579949238578635
20251217_184957,autumn,HMB_6,Upsampled,0.5,0.01,0.02,1.0,6304,6234,0.011104060913705638
20251217_184957,autumn,HMB_6,Upsampled,0.5,0.01,0.02,1.1,6304,6235,0.010945431472081268
20251217_184957,autumn,HMB_6,Upsampled,0.5,0.01,0.02,1.2,6304,6239,0.01031091370558379
20251217_184957,autumn,HMB_6,Upsampled,0.5,0.01,0.02,1.3,6304,6240,0.010152284263959421
20251217_184957,autumn,HMB_6,Upsampled,0.5,0.01,0.02,1.4,6304,6243,0.009676395939086313
20251217_184957,autumn,HMB_6,Upsampled,0.5,0.01,0.02,1.5,6304,6246,0.009200507614213205
20251217_184957,autumn,HMB_6,Upsampled,0.5,0.01,0.02,1.6,6304,6248,0.008883248730964466
20251217_184957,autumn,HMB_6,Upsampled,0.5,0.01,0.02,1.7,6304,6250,0.008565989847715727
20251217_184957,autumn,HMB_6,Upsampled,0.5,0.01,0.02,1.8,6304,6254,0.00793147208121825
20251217_184957,autumn,HMB_6,Upsampled,0.5,0.01,0.02,1.9,6304,6256,0.0076142131979695105
20251217_184957,autumn,HMB_6,Upsampled,0.5,0.01,0.02,2.0,6304,6256,0.0076142131979695105
20251217_184957,chauffeur,HMB_1,Mixed-stream,0.5,0.01,0.02,0.0,4399,2659,0.3955444419186178
20251217_184957,chauffeur,HMB_1,Mixed-stream,0.5,0.01,0.02,0.1,4399,2700,0.38622414185042053
20251217_184957,chauffeur,HMB_1,Mixed-stream,0.5,0.01,0.02,0.2,4399,2738,0.37758581495794497
20251217_184957,chauffeur,HMB_1,Mixed-stream,0.5,0.01,0.02,0.3,4399,2787,0.3664469197544896
20251217_184957,chauffeur,HMB_1,Mixed-stream,0.5,0.01,0.02,0.4,4399,2835,0.3555353489429416
20251217_184957,chauffeur,HMB_1,Mixed-stream,0.5,0.01,0.02,0.5,4399,2876,0.3462150488747443
20251217_184957,chauffeur,HMB_1,Mixed-stream,0.5,0.01,0.02,0.6,4399,2911,0.33825869515799045
20251217_184957,chauffeur,HMB_1,Mixed-stream,0.5,0.01,0.02,0.7,4399,2945,0.3305296658331439
20251217_184957,chauffeur,HMB_1,Mixed-stream,0.5,0.01,0.02,0.8,4399,2973,0.3241645828597408
20251217_184957,chauffeur,HMB_1,Mixed-stream,0.5,0.01,0.02,0.9,4399,3005,0.3168902023187088
20251217_184957,chauffeur,HMB_1,Mixed-stream,0.5,0.01,0.02,1.0,4399,3038,0.30938849738576946
20251217_184957,chauffeur,HMB_1,Mixed-stream,0.5,0.01,0.02,1.1,4399,3076,0.3007501704932939
20251217_184957,chauffeur,HMB_1,Mixed-stream,0.5,0.01,0.02,1.2,4399,3101,0.2950670606956126
20251217_184957,chauffeur,HMB_1,Mixed-stream,0.5,0.01,0.02,1.3,4399,3134,0.2875653557626733
20251217_184957,chauffeur,HMB_1,Mixed-stream,0.5,0.01,0.02,1.4,4399,3166,0.28029097522164126
20251217_184957,chauffeur,HMB_1,Mixed-stream,0.5,0.01,0.02,1.5,4399,3193,0.27415321664014547
20251217_184957,chauffeur,HMB_1,Mixed-stream,0.5,0.01,0.02,1.6,4399,3217,0.2686974312343714
20251217_184957,chauffeur,HMB_1,Mixed-stream,0.5,0.01,0.02,1.7,4399,3244,0.2625596726528756
20251217_184957,chauffeur,HMB_1,Mixed-stream,0.5,0.01,0.02,1.8,4399,3277,0.2550579677199364
20251217_184957,chauffeur,HMB_1,Mixed-stream,0.5,0.01,0.02,1.9,4399,3305,0.24869288474653328
20251217_184957,chauffeur,HMB_1,Mixed-stream,0.5,0.01,0.02,2.0,4399,3329,0.2432370993407592
20251217_184957,chauffeur,HMB_1,Inserted-only,0.5,0.01,0.02,0.0,4399,4305,0.02136849283928166
20251217_184957,chauffeur,HMB_1,Inserted-only,0.5,0.01,0.02,0.1,4399,4313,0.0195498977040236
20251217_184957,chauffeur,HMB_1,Inserted-only,0.5,0.01,0.02,0.2,4399,4323,0.017276653784951135
20251217_184957,chauffeur,HMB_1,Inserted-only,0.5,0.01,0.02,0.3,4399,4328,0.016140031825414902
20251217_184957,chauffeur,HMB_1,Inserted-only,0.5,0.01,0.02,0.4,4399,4337,0.01409411229824964
20251217_184957,chauffeur,HMB_1,Inserted-only,0.5,0.01,0.02,0.5,4399,4341,0.013184814730620609
20251217_184957,chauffeur,HMB_1,Inserted-only,0.5,0.01,0.02,0.6,4399,4347,0.011820868379177063
20251217_184957,chauffeur,HMB_1,Inserted-only,0.5,0.01,0.02,0.7,4399,4350,0.011138895203455346
20251217_184957,chauffeur,HMB_1,Inserted-only,0.5,0.01,0.02,0.8,4399,4354,0.010229597635826315
20251217_184957,chauffeur,HMB_1,Inserted-only,0.5,0.01,0.02,0.9,4399,4355,0.010002273243919113
20251217_184957,chauffeur,HMB_1,Inserted-only,0.5,0.01,0.02,1.0,4399,4361,0.008638326892475567
20251217_184957,chauffeur,HMB_1,Inserted-only,0.5,0.01,0.02,1.1,4399,4365,0.007729029324846537
20251217_184957,chauffeur,HMB_1,Inserted-only,0.5,0.01,0.02,1.2,4399,4365,0.007729029324846537
20251217_184957,chauffeur,HMB_1,Inserted-only,0.5,0.01,0.02,1.3,4399,4366,0.007501704932939335
20251217_184957,chauffeur,HMB_1,Inserted-only,0.5,0.01,0.02,1.4,4399,4368,0.00704705614912482
20251217_184957,chauffeur,HMB_1,Inserted-only,0.5,0.01,0.02,1.5,4399,4368,0.00704705614912482
20251217_184957,chauffeur,HMB_1,Inserted-only,0.5,0.01,0.02,1.6,4399,4368,0.00704705614912482
20251217_184957,chauffeur,HMB_1,Inserted-only,0.5,0.01,0.02,1.7,4399,4369,0.0068197317572175065
20251217_184957,chauffeur,HMB_1,Inserted-only,0.5,0.01,0.02,1.8,4399,4370,0.006592407365310304
20251217_184957,chauffeur,HMB_1,Inserted-only,0.5,0.01,0.02,1.9,4399,4372,0.006137758581495789
20251217_184957,chauffeur,HMB_1,Inserted-only,0.5,0.01,0.02,2.0,4399,4375,0.005455785405774072
20251217_184957,chauffeur,HMB_1,Upsampled,0.5,0.01,0.02,0.0,4399,4399,0.0
20251217_184957,chauffeur,HMB_1,Upsampled,0.5,0.01,0.02,0.1,4399,4399,0.0
20251217_184957,chauffeur,HMB_1,Upsampled,0.5,0.01,0.02,0.2,4399,4399,0.0
20251217_184957,chauffeur,HMB_1,Upsampled,0.5,0.01,0.02,0.3,4399,4399,0.0
20251217_184957,chauffeur,HMB_1,Upsampled,0.5,0.01,0.02,0.4,4399,4399,0.0
20251217_184957,chauffeur,HMB_1,Upsampled,0.5,0.01,0.02,0.5,4399,4399,0.0
20251217_184957,chauffeur,HMB_1,Upsampled,0.5,0.01,0.02,0.6,4399,4399,0.0
20251217_184957,chauffeur,HMB_1,Upsampled,0.5,0.01,0.02,0.7,4399,4399,0.0
20251217_184957,chauffeur,HMB_1,Upsampled,0.5,0.01,0.02,0.8,4399,4399,0.0
20251217_184957,chauffeur,HMB_1,Upsampled,0.5,0.01,0.02,0.9,4399,4399,0.0
20251217_184957,chauffeur,HMB_1,Upsampled,0.5,0.01,0.02,1.0,4399,4399,0.0
20251217_184957,chauffeur,HMB_1,Upsampled,0.5,0.01,0.02,1.1,4399,4399,0.0
20251217_184957,chauffeur,HMB_1,Upsampled,0.5,0.01,0.02,1.2,4399,4399,0.0
20251217_184957,chauffeur,HMB_1,Upsampled,0.5,0.01,0.02,1.3,4399,4399,0.0
20251217_184957,chauffeur,HMB_1,Upsampled,0.5,0.01,0.02,1.4,4399,4399,0.0
20251217_184957,chauffeur,HMB_1,Upsampled,0.5,0.01,0.02,1.5,4399,4399,0.0
20251217_184957,chauffeur,HMB_1,Upsampled,0.5,0.01,0.02,1.6,4399,4399,0.0
20251217_184957,chauffeur,HMB_1,Upsampled,0.5,0.01,0.02,1.7,4399,4399,0.0
20251217_184957,chauffeur,HMB_1,Upsampled,0.5,0.01,0.02,1.8,4399,4399,0.0
20251217_184957,chauffeur,HMB_1,Upsampled,0.5,0.01,0.02,1.9,4399,4399,0.0
20251217_184957,chauffeur,HMB_1,Upsampled,0.5,0.01,0.02,2.0,4399,4399,0.0
20251217_184957,chauffeur,HMB_2,Mixed-stream,0.5,0.01,0.02,0.0,15734,5753,0.63435871361383
20251217_184957,chauffeur,HMB_2,Mixed-stream,0.5,0.01,0.02,0.1,15734,5943,0.6222829541121139
20251217_184957,chauffeur,HMB_2,Mixed-stream,0.5,0.01,0.02,0.2,15734,6142,0.6096351849497903
20251217_184957,chauffeur,HMB_2,Mixed-stream,0.5,0.01,0.02,0.3,15734,6341,0.5969874157874666
20251217_184957,chauffeur,HMB_2,Mixed-stream,0.5,0.01,0.02,0.4,15734,6510,0.586246345493835
20251217_184957,chauffeur,HMB_2,Mixed-stream,0.5,0.01,0.02,0.5,15734,6722,0.5727723401550782
20251217_184957,chauffeur,HMB_2,Mixed-stream,0.5,0.01,0.02,0.6,15734,6938,0.5590441083004958
20251217_184957,chauffeur,HMB_2,Mixed-stream,0.5,0.01,0.02,0.7,15734,7165,0.5446167535273929
20251217_184957,chauffeur,HMB_2,Mixed-stream,0.5,0.01,0.02,0.8,15734,7344,0.5332401169441973
20251217_184957,chauffeur,HMB_2,Mixed-stream,0.5,0.01,0.02,0.9,15734,7505,0.5230074996822169
20251217_184957,chauffeur,HMB_2,Mixed-stream,0.5,0.01,0.02,1.0,15734,7662,0.513029108936062
20251217_184957,chauffeur,HMB_2,Mixed-stream,0.5,0.01,0.02,1.1,15734,7833,0.5021609253845176
20251217_184957,chauffeur,HMB_2,Mixed-stream,0.5,0.01,0.02,1.2,15734,7985,0.49250031778314474
20251217_184957,chauffeur,HMB_2,Mixed-stream,0.5,0.01,0.02,1.3,15734,8092,0.48569975848480995
20251217_184957,chauffeur,HMB_2,Mixed-stream,0.5,0.01,0.02,1.4,15734,8217,0.47775517986525995
20251217_184957,chauffeur,HMB_2,Mixed-stream,0.5,0.01,0.02,1.5,15734,8333,0.4703826109063175
20251217_184957,chauffeur,HMB_2,Mixed-stream,0.5,0.01,0.02,1.6,15734,8448,0.46307359857633146
20251217_184957,chauffeur,HMB_2,Mixed-stream,0.5,0.01,0.02,1.7,15734,8531,0.45779839837295033
20251217_184957,chauffeur,HMB_2,Mixed-stream,0.5,0.01,0.02,1.8,15734,8598,0.4535401042328715
20251217_184957,chauffeur,HMB_2,Mixed-stream,0.5,0.01,0.02,1.9,15734,8682,0.44820134740053386
20251217_184957,chauffeur,HMB_2,Mixed-stream,0.5,0.01,0.02,2.0,15734,8761,0.44318037371297825
20251217_184957,chauffeur,HMB_2,Inserted-only,0.5,0.01,0.02,0.0,15734,15231,0.03196898436506923
20251217_184957,chauffeur,HMB_2,Inserted-only,0.5,0.01,0.02,0.1,15734,15304,0.027329350451252066
20251217_184957,chauffeur,HMB_2,Inserted-only,0.5,0.01,0.02,0.2,15734,15346,0.0246599720350833
20251217_184957,chauffeur,HMB_2,Inserted-only,0.5,0.01,0.02,0.3,15734,15378,0.022626159908478494
20251217_184957,chauffeur,HMB_2,Inserted-only,0.5,0.01,0.02,0.4,15734,15402,0.021100800813524834
20251217_184957,chauffeur,HMB_2,Inserted-only,0.5,0.01,0.02,0.5,15734,15421,0.01989322486335321
20251217_184957,chauffeur,HMB_2,Inserted-only,0.5,0.01,0.02,0.6,15734,15436,0.018939875429007214
20251217_184957,chauffeur,HMB_2,Inserted-only,0.5,0.01,0.02,0.7,15734,15445,0.01836786576839966
20251217_184957,chauffeur,HMB_2,Inserted-only,0.5,0.01,0.02,0.8,15734,15462,0.01728740307614085
20251217_184957,chauffeur,HMB_2,Inserted-only,0.5,0.01,0.02,0.9,15734,15475,0.01646116689970767
20251217_184957,chauffeur,HMB_2,Inserted-only,0.5,0.01,0.02,1.0,15734,15482,0.01601627049701282
20251217_184957,chauffeur,HMB_2,Inserted-only,0.5,0.01,0.02,1.1,15734,15494,0.015253590949536044
20251217_184957,chauffeur,HMB_2,Inserted-only,0.5,0.01,0.02,1.2,15734,15505,0.014554468031015677
20251217_184957,chauffeur,HMB_2,Inserted-only,0.5,0.01,0.02,1.3,15734,15509,0.014300241515190049
20251217_184957,chauffeur,HMB_2,Inserted-only,0.5,0.01,0.02,1.4,15734,15512,0.014109571628320827
20251217_184957,chauffeur,HMB_2,Inserted-only,0.5,0.01,0.02,1.5,15734,15515,0.013918901741451606
20251217_184957,chauffeur,HMB_2,Inserted-only,0.5,0.01,0.02,1.6,15734,15519,0.013664675225625977
20251217_184957,chauffeur,HMB_2,Inserted-only,0.5,0.01,0.02,1.7,15734,15523,0.01341044870980046
20251217_184957,chauffeur,HMB_2,Inserted-only,0.5,0.01,0.02,1.8,15734,15528,0.013092665565018424
20251217_184957,chauffeur,HMB_2,Inserted-only,0.5,0.01,0.02,1.9,15734,15532,0.012838439049192796
20251217_184957,chauffeur,HMB_2,Inserted-only,0.5,0.01,0.02,2.0,15734,15535,0.012647769162323685
20251217_184957,chauffeur,HMB_2,Upsampled,0.5,0.01,0.02,0.0,15734,15704,0.0019066988686919917
20251217_184957,chauffeur,HMB_2,Upsampled,0.5,0.01,0.02,0.1,15734,15708,0.0016524723528663632
20251217_184957,chauffeur,HMB_2,Upsampled,0.5,0.01,0.02,0.2,15734,15713,0.0013346892080844386
20251217_184957,chauffeur,HMB_2,Upsampled,0.5,0.01,0.02,0.3,15734,15717,0.00108046269225881
20251217_184957,chauffeur,HMB_2,Upsampled,0.5,0.01,0.02,0.4,15734,15721,0.0008262361764331816
20251217_184957,chauffeur,HMB_2,Upsampled,0.5,0.01,0.02,0.5,15734,15721,0.0008262361764331816
20251217_184957,chauffeur,HMB_2,Upsampled,0.5,0.01,0.02,0.6,15734,15722,0.0007626795474767745
20251217_184957,chauffeur,HMB_2,Upsampled,0.5,0.01,0.02,0.7,15734,15724,0.0006355662895639602
20251217_184957,chauffeur,HMB_2,Upsampled,0.5,0.01,0.02,0.8,15734,15727,0.00044489640269484987
20251217_184957,chauffeur,HMB_2,Upsampled,0.5,0.01,0.02,0.9,15734,15727,0.00044489640269484987
20251217_184957,chauffeur,HMB_2,Upsampled,0.5,0.01,0.02,1.0,15734,15728,0.00038133977373844274
20251217_184957,chauffeur,HMB_2,Upsampled,0.5,0.01,0.02,1.1,15734,15728,0.00038133977373844274
20251217_184957,chauffeur,HMB_2,Upsampled,0.5,0.01,0.02,1.2,15734,15728,0.00038133977373844274
20251217_184957,chauffeur,HMB_2,Upsampled,0.5,0.01,0.02,1.3,15734,15728,0.00038133977373844274
20251217_184957,chauffeur,HMB_2,Upsampled,0.5,0.01,0.02,1.4,15734,15729,0.0003177831447820356
20251217_184957,chauffeur,HMB_2,Upsampled,0.5,0.01,0.02,1.5,15734,15730,0.0002542265158256285
20251217_184957,chauffeur,HMB_2,Upsampled,0.5,0.01,0.02,1.6,15734,15730,0.0002542265158256285
20251217_184957,chauffeur,HMB_2,Upsampled,0.5,0.01,0.02,1.7,15734,15730,0.0002542265158256285
20251217_184957,chauffeur,HMB_2,Upsampled,0.5,0.01,0.02,1.8,15734,15730,0.0002542265158256285
20251217_184957,chauffeur,HMB_2,Upsampled,0.5,0.01,0.02,1.9,15734,15730,0.0002542265158256285
20251217_184957,chauffeur,HMB_2,Upsampled,0.5,0.01,0.02,2.0,15734,15730,0.0002542265158256285
20251217_184957,chauffeur,HMB_3,Mixed-stream,0.5,0.01,0.02,0.0,5277,1922,0.6357779041121849
20251217_184957,chauffeur,HMB_3,Mixed-stream,0.5,0.01,0.02,0.1,5277,1970,0.6266818267955278
20251217_184957,chauffeur,HMB_3,Mixed-stream,0.5,0.01,0.02,0.2,5277,2032,0.6149327269281789
20251217_184957,chauffeur,HMB_3,Mixed-stream,0.5,0.01,0.02,0.3,5277,2084,0.6050786431684669
20251217_184957,chauffeur,HMB_3,Mixed-stream,0.5,0.01,0.02,0.4,5277,2135,0.5954140610195187
20251217_184957,chauffeur,HMB_3,Mixed-stream,0.5,0.01,0.02,0.5,5277,2186,0.5857494788705704
20251217_184957,chauffeur,HMB_3,Mixed-stream,0.5,0.01,0.02,0.6,5277,2246,0.5743793822247489
20251217_184957,chauffeur,HMB_3,Mixed-stream,0.5,0.01,0.02,0.7,5277,2290,0.5660413113511464
20251217_184957,chauffeur,HMB_3,Mixed-stream,0.5,0.01,0.02,0.8,5277,2341,0.5563767292021982
20251217_184957,chauffeur,HMB_3,Mixed-stream,0.5,0.01,0.02,0.9,5277,2395,0.5461436422209589
20251217_184957,chauffeur,HMB_3,Mixed-stream,0.5,0.01,0.02,1.0,5277,2449,0.5359105552397195
20251217_184957,chauffeur,HMB_3,Mixed-stream,0.5,0.01,0.02,1.1,5277,2513,0.5237824521508433
20251217_184957,chauffeur,HMB_3,Mixed-stream,0.5,0.01,0.02,1.2,5277,2554,0.5160128861095319
20251217_184957,chauffeur,HMB_3,Mixed-stream,0.5,0.01,0.02,1.3,5277,2596,0.5080538184574569
20251217_184957,chauffeur,HMB_3,Mixed-stream,0.5,0.01,0.02,1.4,5277,2637,0.5002842524161455
20251217_184957,chauffeur,HMB_3,Mixed-stream,0.5,0.01,0.02,1.5,5277,2677,0.4927041879855979
20251217_184957,chauffeur,HMB_3,Mixed-stream,0.5,0.01,0.02,1.6,5277,2699,0.48853515254879665
20251217_184957,chauffeur,HMB_3,Mixed-stream,0.5,0.01,0.02,1.7,5277,2727,0.4832291074474133
20251217_184957,chauffeur,HMB_3,Mixed-stream,0.5,0.01,0.02,1.8,5277,2756,0.4777335607352663
20251217_184957,chauffeur,HMB_3,Mixed-stream,0.5,0.01,0.02,1.9,5277,2778,0.47356452529846504
20251217_184957,chauffeur,HMB_3,Mixed-stream,0.5,0.01,0.02,2.0,5277,2809,0.4676899753647906
20251217_184957,chauffeur,HMB_3,Inserted-only,0.5,0.01,0.02,0.0,5277,5202,0.01421262080727681
20251217_184957,chauffeur,HMB_3,Inserted-only,0.5,0.01,0.02,0.1,5277,5231,0.008717074095129784
20251217_184957,chauffeur,HMB_3,Inserted-only,0.5,0.01,0.02,0.2,5277,5243,0.006443054765965517
20251217_184957,chauffeur,HMB_3,Inserted-only,0.5,0.01,0.02,0.3,5277,5248,0.005495546712147026
20251217_184957,chauffeur,HMB_3,Inserted-only,0.5,0.01,0.02,0.4,5277,5251,0.004927041879855931
20251217_184957,chauffeur,HMB_3,Inserted-only,0.5,0.01,0.02,0.5,5277,5252,0.004737540269092233
20251217_184957,chauffeur,HMB_3,Inserted-only,0.5,0.01,0.02,0.6,5277,5252,0.004737540269092233
20251217_184957,chauffeur,HMB_3,Inserted-only,0.5,0.01,0.02,0.7,5277,5258,0.003600530604510155
20251217_184957,chauffeur,HMB_3,Inserted-only,0.5,0.01,0.02,0.8,5277,5260,0.0032215273829827584
20251217_184957,chauffeur,HMB_3,Inserted-only,0.5,0.01,0.02,0.9,5277,5262,0.002842524161455362
20251217_184957,chauffeur,HMB_3,Inserted-only,0.5,0.01,0.02,1.0,5277,5263,0.002653022550691664
20251217_184957,chauffeur,HMB_3,Inserted-only,0.5,0.01,0.02,1.1,5277,5263,0.002653022550691664
20251217_184957,chauffeur,HMB_3,Inserted-only,0.5,0.01,0.02,1.2,5277,5263,0.002653022550691664
20251217_184957,chauffeur,HMB_3,Inserted-only,0.5,0.01,0.02,1.3,5277,5264,0.0024635209399279656
20251217_184957,chauffeur,HMB_3,Inserted-only,0.5,0.01,0.02,1.4,5277,5264,0.0024635209399279656
20251217_184957,chauffeur,HMB_3,Inserted-only,0.5,0.01,0.02,1.5,5277,5266,0.002084517718400569
20251217_184957,chauffeur,HMB_3,Inserted-only,0.5,0.01,0.02,1.6,5277,5266,0.002084517718400569
20251217_184957,chauffeur,HMB_3,Inserted-only,0.5,0.01,0.02,1.7,5277,5267,0.001895016107636871
20251217_184957,chauffeur,HMB_3,Inserted-only,0.5,0.01,0.02,1.8,5277,5268,0.0017055144968731728
20251217_184957,chauffeur,HMB_3,Inserted-only,0.5,0.01,0.02,1.9,5277,5268,0.0017055144968731728
20251217_184957,chauffeur,HMB_3,Inserted-only,0.5,0.01,0.02,2.0,5277,5268,0.0017055144968731728
20251217_184957,chauffeur,HMB_3,Upsampled,0.5,0.01,0.02,0.0,5277,5274,0.0005685048322910946
20251217_184957,chauffeur,HMB_3,Upsampled,0.5,0.01,0.02,0.1,5277,5276,0.0001895016107636982
20251217_184957,chauffeur,HMB_3,Upsampled,0.5,0.01,0.02,0.2,5277,5276,0.0001895016107636982
20251217_184957,chauffeur,HMB_3,Upsampled,0.5,0.01,0.02,0.3,5277,5276,0.0001895016107636982
20251217_184957,chauffeur,HMB_3,Upsampled,0.5,0.01,0.02,0.4,5277,5276,0.0001895016107636982
20251217_184957,chauffeur,HMB_3,Upsampled,0.5,0.01,0.02,0.5,5277,5276,0.0001895016107636982
20251217_184957,chauffeur,HMB_3,Upsampled,0.5,0.01,0.02,0.6,5277,5276,0.0001895016107636982
20251217_184957,chauffeur,HMB_3,Upsampled,0.5,0.01,0.02,0.7,5277,5277,0.0
20251217_184957,chauffeur,HMB_3,Upsampled,0.5,0.01,0.02,0.8,5277,5277,0.0
20251217_184957,chauffeur,HMB_3,Upsampled,0.5,0.01,0.02,0.9,5277,5277,0.0
20251217_184957,chauffeur,HMB_3,Upsampled,0.5,0.01,0.02,1.0,5277,5277,0.0
20251217_184957,chauffeur,HMB_3,Upsampled,0.5,0.01,0.02,1.1,5277,5277,0.0
20251217_184957,chauffeur,HMB_3,Upsampled,0.5,0.01,0.02,1.2,5277,5277,0.0
20251217_184957,chauffeur,HMB_3,Upsampled,0.5,0.01,0.02,1.3,5277,5277,0.0
20251217_184957,chauffeur,HMB_3,Upsampled,0.5,0.01,0.02,1.4,5277,5277,0.0
20251217_184957,chauffeur,HMB_3,Upsampled,0.5,0.01,0.02,1.5,5277,5277,0.0
20251217_184957,chauffeur,HMB_3,Upsampled,0.5,0.01,0.02,1.6,5277,5277,0.0
20251217_184957,chauffeur,HMB_3,Upsampled,0.5,0.01,0.02,1.7,5277,5277,0.0
20251217_184957,chauffeur,HMB_3,Upsampled,0.5,0.01,0.02,1.8,5277,5277,0.0
20251217_184957,chauffeur,HMB_3,Upsampled,0.5,0.01,0.02,1.9,5277,5277,0.0
20251217_184957,chauffeur,HMB_3,Upsampled,0.5,0.01,0.02,2.0,5277,5277,0.0
20251217_184957,chauffeur,HMB_4,Mixed-stream,0.5,0.01,0.02,0.0,1972,847,0.5704868154158216
20251217_184957,chauffeur,HMB_4,Mixed-stream,0.5,0.01,0.02,0.1,1972,879,0.5542596348884381
20251217_184957,chauffeur,HMB_4,Mixed-stream,0.5,0.01,0.02,0.2,1972,908,0.539553752535497
20251217_184957,chauffeur,HMB_4,Mixed-stream,0.5,0.01,0.02,0.3,1972,944,0.5212981744421907
20251217_184957,chauffeur,HMB_4,Mixed-stream,0.5,0.01,0.02,0.4,1972,977,0.5045638945233266
20251217_184957,chauffeur,HMB_4,Mixed-stream,0.5,0.01,0.02,0.5,1972,1006,0.4898580121703854
20251217_184957,chauffeur,HMB_4,Mixed-stream,0.5,0.01,0.02,0.6,1972,1029,0.47819472616632863
20251217_184957,chauffeur,HMB_4,Mixed-stream,0.5,0.01,0.02,0.7,1972,1055,0.46501014198782964
20251217_184957,chauffeur,HMB_4,Mixed-stream,0.5,0.01,0.02,0.8,1972,1095,0.4447261663286004
20251217_184957,chauffeur,HMB_4,Mixed-stream,0.5,0.01,0.02,0.9,1972,1120,0.43204868154158216
20251217_184957,chauffeur,HMB_4,Mixed-stream,0.5,0.01,0.02,1.0,1972,1148,0.41784989858012167
20251217_184957,chauffeur,HMB_4,Mixed-stream,0.5,0.01,0.02,1.1,1972,1167,0.4082150101419878
20251217_184957,chauffeur,HMB_4,Mixed-stream,0.5,0.01,0.02,1.2,1972,1184,0.3995943204868154
20251217_184957,chauffeur,HMB_4,Mixed-stream,0.5,0.01,0.02,1.3,1972,1204,0.3894523326572008
20251217_184957,chauffeur,HMB_4,Mixed-stream,0.5,0.01,0.02,1.4,1972,1229,0.37677484787018256
20251217_184957,chauffeur,HMB_4,Mixed-stream,0.5,0.01,0.02,1.5,1972,1243,0.3696754563894523
20251217_184957,chauffeur,HMB_4,Mixed-stream,0.5,0.01,0.02,1.6,1972,1254,0.3640973630831643
20251217_184957,chauffeur,HMB_4,Mixed-stream,0.5,0.01,0.02,1.7,1972,1268,0.35699797160243407
20251217_184957,chauffeur,HMB_4,Mixed-stream,0.5,0.01,0.02,1.8,1972,1277,0.35243407707910746
20251217_184957,chauffeur,HMB_4,Mixed-stream,0.5,0.01,0.02,1.9,1972,1293,0.3443204868154158
20251217_184957,chauffeur,HMB_4,Mixed-stream,0.5,0.01,0.02,2.0,1972,1297,0.34229208924949295
20251217_184957,chauffeur,HMB_4,Inserted-only,0.5,0.01,0.02,0.0,1972,1972,0.0
20251217_184957,chauffeur,HMB_4,Inserted-only,0.5,0.01,0.02,0.1,1972,1972,0.0
20251217_184957,chauffeur,HMB_4,Inserted-only,0.5,0.01,0.02,0.2,1972,1972,0.0
20251217_184957,chauffeur,HMB_4,Inserted-only,0.5,0.01,0.02,0.3,1972,1972,0.0
20251217_184957,chauffeur,HMB_4,Inserted-only,0.5,0.01,0.02,0.4,1972,1972,0.0
20251217_184957,chauffeur,HMB_4,Inserted-only,0.5,0.01,0.02,0.5,1972,1972,0.0
20251217_184957,chauffeur,HMB_4,Inserted-only,0.5,0.01,0.02,0.6,1972,1972,0.0
20251217_184957,chauffeur,HMB_4,Inserted-only,0.5,0.01,0.02,0.7,1972,1972,0.0
20251217_184957,chauffeur,HMB_4,Inserted-only,0.5,0.01,0.02,0.8,1972,1972,0.0
20251217_184957,chauffeur,HMB_4,Inserted-only,0.5,0.01,0.02,0.9,1972,1972,0.0
20251217_184957,chauffeur,HMB_4,Inserted-only,0.5,0.01,0.02,1.0,1972,1972,0.0
20251217_184957,chauffeur,HMB_4,Inserted-only,0.5,0.01,0.02,1.1,1972,1972,0.0
20251217_184957,chauffeur,HMB_4,Inserted-only,0.5,0.01,0.02,1.2,1972,1972,0.0
20251217_184957,chauffeur,HMB_4,Inserted-only,0.5,0.01,0.02,1.3,1972,1972,0.0
20251217_184957,chauffeur,HMB_4,Inserted-only,0.5,0.01,0.02,1.4,1972,1972,0.0
20251217_184957,chauffeur,HMB_4,Inserted-only,0.5,0.01,0.02,1.5,1972,1972,0.0
20251217_184957,chauffeur,HMB_4,Inserted-only,0.5,0.01,0.02,1.6,1972,1972,0.0
20251217_184957,chauffeur,HMB_4,Inserted-only,0.5,0.01,0.02,1.7,1972,1972,0.0
20251217_184957,chauffeur,HMB_4,Inserted-only,0.5,0.01,0.02,1.8,1972,1972,0.0
20251217_184957,chauffeur,HMB_4,Inserted-only,0.5,0.01,0.02,1.9,1972,1972,0.0
20251217_184957,chauffeur,HMB_4,Inserted-only,0.5,0.01,0.02,2.0,1972,1972,0.0
20251217_184957,chauffeur,HMB_4,Upsampled,0.5,0.01,0.02,0.0,1972,1972,0.0
20251217_184957,chauffeur,HMB_4,Upsampled,0.5,0.01,0.02,0.1,1972,1972,0.0
20251217_184957,chauffeur,HMB_4,Upsampled,0.5,0.01,0.02,0.2,1972,1972,0.0
20251217_184957,chauffeur,HMB_4,Upsampled,0.5,0.01,0.02,0.3,1972,1972,0.0
20251217_184957,chauffeur,HMB_4,Upsampled,0.5,0.01,0.02,0.4,1972,1972,0.0
20251217_184957,chauffeur,HMB_4,Upsampled,0.5,0.01,0.02,0.5,1972,1972,0.0
20251217_184957,chauffeur,HMB_4,Upsampled,0.5,0.01,0.02,0.6,1972,1972,0.0
20251217_184957,chauffeur,HMB_4,Upsampled,0.5,0.01,0.02,0.7,1972,1972,0.0
20251217_184957,chauffeur,HMB_4,Upsampled,0.5,0.01,0.02,0.8,1972,1972,0.0
20251217_184957,chauffeur,HMB_4,Upsampled,0.5,0.01,0.02,0.9,1972,1972,0.0
20251217_184957,chauffeur,HMB_4,Upsampled,0.5,0.01,0.02,1.0,1972,1972,0.0
20251217_184957,chauffeur,HMB_4,Upsampled,0.5,0.01,0.02,1.1,1972,1972,0.0
20251217_184957,chauffeur,HMB_4,Upsampled,0.5,0.01,0.02,1.2,1972,1972,0.0
20251217_184957,chauffeur,HMB_4,Upsampled,0.5,0.01,0.02,1.3,1972,1972,0.0
20251217_184957,chauffeur,HMB_4,Upsampled,0.5,0.01,0.02,1.4,1972,1972,0.0
20251217_184957,chauffeur,HMB_4,Upsampled,0.5,0.01,0.02,1.5,1972,1972,0.0
20251217_184957,chauffeur,HMB_4,Upsampled,0.5,0.01,0.02,1.6,1972,1972,0.0
20251217_184957,chauffeur,HMB_4,Upsampled,0.5,0.01,0.02,1.7,1972,1972,0.0
20251217_184957,chauffeur,HMB_4,Upsampled,0.5,0.01,0.02,1.8,1972,1972,0.0
20251217_184957,chauffeur,HMB_4,Upsampled,0.5,0.01,0.02,1.9,1972,1972,0.0
20251217_184957,chauffeur,HMB_4,Upsampled,0.5,0.01,0.02,2.0,1972,1972,0.0
20251217_184957,chauffeur,HMB_5,Mixed-stream,0.5,0.01,0.02,0.0,4233,961,0.7729742499409402
20251217_184957,chauffeur,HMB_5,Mixed-stream,0.5,0.01,0.02,0.1,4233,1021,0.7587999055043704
20251217_184957,chauffeur,HMB_5,Mixed-stream,0.5,0.01,0.02,0.2,4233,1074,0.7462792345854004
20251217_184957,chauffeur,HMB_5,Mixed-stream,0.5,0.01,0.02,0.3,4233,1130,0.7330498464446019
20251217_184957,chauffeur,HMB_5,Mixed-stream,0.5,0.01,0.02,0.4,4233,1187,0.7195842192298606
20251217_184957,chauffeur,HMB_5,Mixed-stream,0.5,0.01,0.02,0.5,4233,1244,0.7061185920151193
20251217_184957,chauffeur,HMB_5,Mixed-stream,0.5,0.01,0.02,0.6,4233,1299,0.6931254429482636
20251217_184957,chauffeur,HMB_5,Mixed-stream,0.5,0.01,0.02,0.7,4233,1352,0.6806047720292936
20251217_184957,chauffeur,HMB_5,Mixed-stream,0.5,0.01,0.02,0.8,4233,1406,0.6678478620363808
20251217_184957,chauffeur,HMB_5,Mixed-stream,0.5,0.01,0.02,0.9,4233,1453,0.6567446255610678
20251217_184957,chauffeur,HMB_5,Mixed-stream,0.5,0.01,0.02,1.0,4233,1487,0.6487124970470115
20251217_184957,chauffeur,HMB_5,Mixed-stream,0.5,0.01,0.02,1.1,4233,1529,0.6387904559414127
20251217_184957,chauffeur,HMB_5,Mixed-stream,0.5,0.01,0.02,1.2,4233,1569,0.6293408929836994
20251217_184957,chauffeur,HMB_5,Mixed-stream,0.5,0.01,0.02,1.3,4233,1591,0.6241436333569572
20251217_184957,chauffeur,HMB_5,Mixed-stream,0.5,0.01,0.02,1.4,4233,1624,0.6163477439168439
20251217_184957,chauffeur,HMB_5,Mixed-stream,0.5,0.01,0.02,1.5,4233,1646,0.6111504842901017
20251217_184957,chauffeur,HMB_5,Mixed-stream,0.5,0.01,0.02,1.6,4233,1682,0.6026458776281597
20251217_184957,chauffeur,HMB_5,Mixed-stream,0.5,0.01,0.02,1.7,4233,1712,0.5955587054098748
20251217_184957,chauffeur,HMB_5,Mixed-stream,0.5,0.01,0.02,1.8,4233,1737,0.589652728561304
20251217_184957,chauffeur,HMB_5,Mixed-stream,0.5,0.01,0.02,1.9,4233,1757,0.5849279470824474
20251217_184957,chauffeur,HMB_5,Mixed-stream,0.5,0.01,0.02,2.0,4233,1774,0.5809118828254194
20251217_184957,chauffeur,HMB_5,Inserted-only,0.5,0.01,0.02,0.0,4233,4094,0.03283723127805338
20251217_184957,chauffeur,HMB_5,Inserted-only,0.5,0.01,0.02,0.1,4233,4130,0.02433262461611152
20251217_184957,chauffeur,HMB_5,Inserted-only,0.5,0.01,0.02,0.2,4233,4159,0.017481691471769478
20251217_184957,chauffeur,HMB_5,Inserted-only,0.5,0.01,0.02,0.3,4233,4176,0.013465627214741316
20251217_184957,chauffeur,HMB_5,Inserted-only,0.5,0.01,0.02,0.4,4233,4196,0.008740845735884739
20251217_184957,chauffeur,HMB_5,Inserted-only,0.5,0.01,0.02,0.5,4233,4200,0.007795889440113446
20251217_184957,chauffeur,HMB_5,Inserted-only,0.5,0.01,0.02,0.6,4233,4204,0.006850933144342042
20251217_184957,chauffeur,HMB_5,Inserted-only,0.5,0.01,0.02,0.7,4233,4207,0.0061422159225136275
20251217_184957,chauffeur,HMB_5,Inserted-only,0.5,0.01,0.02,0.8,4233,4213,0.004724781478856577
20251217_184957,chauffeur,HMB_5,Inserted-only,0.5,0.01,0.02,0.9,4233,4214,0.004488542404913809
20251217_184957,chauffeur,HMB_5,Inserted-only,0.5,0.01,0.02,1.0,4233,4215,0.00425230333097093
20251217_184957,chauffeur,HMB_5,Inserted-only,0.5,0.01,0.02,1.1,4233,4218,0.003543586109142405
20251217_184957,chauffeur,HMB_5,Inserted-only,0.5,0.01,0.02,1.2,4233,4220,0.0030711079612567582
20251217_184957,chauffeur,HMB_5,Inserted-only,0.5,0.01,0.02,1.3,4233,4222,0.0025986298133711117
20251217_184957,chauffeur,HMB_5,Inserted-only,0.5,0.01,0.02,1.4,4233,4222,0.0025986298133711117
20251217_184957,chauffeur,HMB_5,Inserted-only,0.5,0.01,0.02,1.5,4233,4224,0.002126151665485465
20251217_184957,chauffeur,HMB_5,Inserted-only,0.5,0.01,0.02,1.6,4233,4224,0.002126151665485465
20251217_184957,chauffeur,HMB_5,Inserted-only,0.5,0.01,0.02,1.7,4233,4224,0.002126151665485465
20251217_184957,chauffeur,HMB_5,Inserted-only,0.5,0.01,0.02,1.8,4233,4224,0.002126151665485465
20251217_184957,chauffeur,HMB_5,Inserted-only,0.5,0.01,0.02,1.9,4233,4224,0.002126151665485465
20251217_184957,chauffeur,HMB_5,Inserted-only,0.5,0.01,0.02,2.0,4233,4224,0.002126151665485465
20251217_184957,chauffeur,HMB_5,Upsampled,0.5,0.01,0.02,0.0,4233,4233,0.0
20251217_184957,chauffeur,HMB_5,Upsampled,0.5,0.01,0.02,0.1,4233,4233,0.0
20251217_184957,chauffeur,HMB_5,Upsampled,0.5,0.01,0.02,0.2,4233,4233,0.0
20251217_184957,chauffeur,HMB_5,Upsampled,0.5,0.01,0.02,0.3,4233,4233,0.0
20251217_184957,chauffeur,HMB_5,Upsampled,0.5,0.01,0.02,0.4,4233,4233,0.0
20251217_184957,chauffeur,HMB_5,Upsampled,0.5,0.01,0.02,0.5,4233,4233,0.0
20251217_184957,chauffeur,HMB_5,Upsampled,0.5,0.01,0.02,0.6,4233,4233,0.0
20251217_184957,chauffeur,HMB_5,Upsampled,0.5,0.01,0.02,0.7,4233,4233,0.0
20251217_184957,chauffeur,HMB_5,Upsampled,0.5,0.01,0.02,0.8,4233,4233,0.0
20251217_184957,chauffeur,HMB_5,Upsampled,0.5,0.01,0.02,0.9,4233,4233,0.0
20251217_184957,chauffeur,HMB_5,Upsampled,0.5,0.01,0.02,1.0,4233,4233,0.0
20251217_184957,chauffeur,HMB_5,Upsampled,0.5,0.01,0.02,1.1,4233,4233,0.0
20251217_184957,chauffeur,HMB_5,Upsampled,0.5,0.01,0.02,1.2,4233,4233,0.0
20251217_184957,chauffeur,HMB_5,Upsampled,0.5,0.01,0.02,1.3,4233,4233,0.0
20251217_184957,chauffeur,HMB_5,Upsampled,0.5,0.01,0.02,1.4,4233,4233,0.0
20251217_184957,chauffeur,HMB_5,Upsampled,0.5,0.01,0.02,1.5,4233,4233,0.0
20251217_184957,chauffeur,HMB_5,Upsampled,0.5,0.01,0.02,1.6,4233,4233,0.0
20251217_184957,chauffeur,HMB_5,Upsampled,0.5,0.01,0.02,1.7,4233,4233,0.0
20251217_184957,chauffeur,HMB_5,Upsampled,0.5,0.01,0.02,1.8,4233,4233,0.0
20251217_184957,chauffeur,HMB_5,Upsampled,0.5,0.01,0.02,1.9,4233,4233,0.0
20251217_184957,chauffeur,HMB_5,Upsampled,0.5,0.01,0.02,2.0,4233,4233,0.0
20251217_184957,chauffeur,HMB_6,Mixed-stream,0.5,0.01,0.02,0.0,6304,3997,0.36595812182741116
20251217_184957,chauffeur,HMB_6,Mixed-stream,0.5,0.01,0.02,0.1,6304,4042,0.35881979695431476
20251217_184957,chauffeur,HMB_6,Mixed-stream,0.5,0.01,0.02,0.2,6304,4101,0.3494606598984772
20251217_184957,chauffeur,HMB_6,Mixed-stream,0.5,0.01,0.02,0.3,6304,4144,0.3426395939086294
20251217_184957,chauffeur,HMB_6,Mixed-stream,0.5,0.01,0.02,0.4,6304,4192,0.3350253807106599
20251217_184957,chauffeur,HMB_6,Mixed-stream,0.5,0.01,0.02,0.5,6304,4239,0.32756979695431476
20251217_184957,chauffeur,HMB_6,Mixed-stream,0.5,0.01,0.02,0.6,6304,4285,0.3202728426395939
20251217_184957,chauffeur,HMB_6,Mixed-stream,0.5,0.01,0.02,0.7,6304,4319,0.31487944162436543
20251217_184957,chauffeur,HMB_6,Mixed-stream,0.5,0.01,0.02,0.8,6304,4357,0.3088515228426396
20251217_184957,chauffeur,HMB_6,Mixed-stream,0.5,0.01,0.02,0.9,6304,4400,0.30203045685279184
20251217_184957,chauffeur,HMB_6,Mixed-stream,0.5,0.01,0.02,1.0,6304,4438,0.296002538071066
20251217_184957,chauffeur,HMB_6,Mixed-stream,0.5,0.01,0.02,1.1,6304,4474,0.29029187817258884
20251217_184957,chauffeur,HMB_6,Mixed-stream,0.5,0.01,0.02,1.2,6304,4515,0.2837880710659898
20251217_184957,chauffeur,HMB_6,Mixed-stream,0.5,0.01,0.02,1.3,6304,4550,0.2782360406091371
20251217_184957,chauffeur,HMB_6,Mixed-stream,0.5,0.01,0.02,1.4,6304,4589,0.2720494923857868
20251217_184957,chauffeur,HMB_6,Mixed-stream,0.5,0.01,0.02,1.5,6304,4630,0.26554568527918787
20251217_184957,chauffeur,HMB_6,Mixed-stream,0.5,0.01,0.02,1.6,6304,4663,0.2603109137055838
20251217_184957,chauffeur,HMB_6,Mixed-stream,0.5,0.01,0.02,1.7,6304,4692,0.2557106598984772
20251217_184957,chauffeur,HMB_6,Mixed-stream,0.5,0.01,0.02,1.8,6304,4722,0.2509517766497462
20251217_184957,chauffeur,HMB_6,Mixed-stream,0.5,0.01,0.02,1.9,6304,4748,0.24682741116751272
20251217_184957,chauffeur,HMB_6,Mixed-stream,0.5,0.01,0.02,2.0,6304,4786,0.2407994923857868
20251217_184957,chauffeur,HMB_6,Inserted-only,0.5,0.01,0.02,0.0,6304,6304,0.0
20251217_184957,chauffeur,HMB_6,Inserted-only,0.5,0.01,0.02,0.1,6304,6304,0.0
20251217_184957,chauffeur,HMB_6,Inserted-only,0.5,0.01,0.02,0.2,6304,6304,0.0
20251217_184957,chauffeur,HMB_6,Inserted-only,0.5,0.01,0.02,0.3,6304,6304,0.0
20251217_184957,chauffeur,HMB_6,Inserted-only,0.5,0.01,0.02,0.4,6304,6304,0.0
20251217_184957,chauffeur,HMB_6,Inserted-only,0.5,0.01,0.02,0.5,6304,6304,0.0
20251217_184957,chauffeur,HMB_6,Inserted-only,0.5,0.01,0.02,0.6,6304,6304,0.0
20251217_184957,chauffeur,HMB_6,Inserted-only,0.5,0.01,0.02,0.7,6304,6304,0.0
20251217_184957,chauffeur,HMB_6,Inserted-only,0.5,0.01,0.02,0.8,6304,6304,0.0
20251217_184957,chauffeur,HMB_6,Inserted-only,0.5,0.01,0.02,0.9,6304,6304,0.0
20251217_184957,chauffeur,HMB_6,Inserted-only,0.5,0.01,0.02,1.0,6304,6304,0.0
20251217_184957,chauffeur,HMB_6,Inserted-only,0.5,0.01,0.02,1.1,6304,6304,0.0
20251217_184957,chauffeur,HMB_6,Inserted-only,0.5,0.01,0.02,1.2,6304,6304,0.0
20251217_184957,chauffeur,HMB_6,Inserted-only,0.5,0.01,0.02,1.3,6304,6304,0.0
20251217_184957,chauffeur,HMB_6,Inserted-only,0.5,0.01,0.02,1.4,6304,6304,0.0
20251217_184957,chauffeur,HMB_6,Inserted-only,0.5,0.01,0.02,1.5,6304,6304,0.0
20251217_184957,chauffeur,HMB_6,Inserted-only,0.5,0.01,0.02,1.6,6304,6304,0.0
20251217_184957,chauffeur,HMB_6,Inserted-only,0.5,0.01,0.02,1.7,6304,6304,0.0
20251217_184957,chauffeur,HMB_6,Inserted-only,0.5,0.01,0.02,1.8,6304,6304,0.0
20251217_184957,chauffeur,HMB_6,Inserted-only,0.5,0.01,0.02,1.9,6304,6304,0.0
20251217_184957,chauffeur,HMB_6,Inserted-only,0.5,0.01,0.02,2.0,6304,6304,0.0
20251217_184957,chauffeur,HMB_6,Upsampled,0.5,0.01,0.02,0.0,6304,6304,0.0
20251217_184957,chauffeur,HMB_6,Upsampled,0.5,0.01,0.02,0.1,6304,6304,0.0
20251217_184957,chauffeur,HMB_6,Upsampled,0.5,0.01,0.02,0.2,6304,6304,0.0
20251217_184957,chauffeur,HMB_6,Upsampled,0.5,0.01,0.02,0.3,6304,6304,0.0
20251217_184957,chauffeur,HMB_6,Upsampled,0.5,0.01,0.02,0.4,6304,6304,0.0
20251217_184957,chauffeur,HMB_6,Upsampled,0.5,0.01,0.02,0.5,6304,6304,0.0
20251217_184957,chauffeur,HMB_6,Upsampled,0.5,0.01,0.02,0.6,6304,6304,0.0
20251217_184957,chauffeur,HMB_6,Upsampled,0.5,0.01,0.02,0.7,6304,6304,0.0
20251217_184957,chauffeur,HMB_6,Upsampled,0.5,0.01,0.02,0.8,6304,6304,0.0
20251217_184957,chauffeur,HMB_6,Upsampled,0.5,0.01,0.02,0.9,6304,6304,0.0
20251217_184957,chauffeur,HMB_6,Upsampled,0.5,0.01,0.02,1.0,6304,6304,0.0
20251217_184957,chauffeur,HMB_6,Upsampled,0.5,0.01,0.02,1.1,6304,6304,0.0
20251217_184957,chauffeur,HMB_6,Upsampled,0.5,0.01,0.02,1.2,6304,6304,0.0
20251217_184957,chauffeur,HMB_6,Upsampled,0.5,0.01,0.02,1.3,6304,6304,0.0
20251217_184957,chauffeur,HMB_6,Upsampled,0.5,0.01,0.02,1.4,6304,6304,0.0
20251217_184957,chauffeur,HMB_6,Upsampled,0.5,0.01,0.02,1.5,6304,6304,0.0
20251217_184957,chauffeur,HMB_6,Upsampled,0.5,0.01,0.02,1.6,6304,6304,0.0
20251217_184957,chauffeur,HMB_6,Upsampled,0.5,0.01,0.02,1.7,6304,6304,0.0
20251217_184957,chauffeur,HMB_6,Upsampled,0.5,0.01,0.02,1.8,6304,6304,0.0
20251217_184957,chauffeur,HMB_6,Upsampled,0.5,0.01,0.02,1.9,6304,6304,0.0
20251217_184957,chauffeur,HMB_6,Upsampled,0.5,0.01,0.02,2.0,6304,6304,0.0
20251217_184957,komanda,HMB_1,Mixed-stream,0.5,0.01,0.02,0.0,4399,1955,0.555580813821323
20251217_184957,komanda,HMB_1,Mixed-stream,0.5,0.01,0.02,0.1,4399,2052,0.5335303478063196
20251217_184957,komanda,HMB_1,Mixed-stream,0.5,0.01,0.02,0.2,4399,2122,0.517617640372812
20251217_184957,komanda,HMB_1,Mixed-stream,0.5,0.01,0.02,0.3,4399,2195,0.5010229597635827
20251217_184957,komanda,HMB_1,Mixed-stream,0.5,0.01,0.02,0.4,4399,2272,0.48351898158672424
20251217_184957,komanda,HMB_1,Mixed-stream,0.5,0.01,0.02,0.5,4399,2356,0.46442373266651515
20251217_184957,komanda,HMB_1,Mixed-stream,0.5,0.01,0.02,0.6,4399,2423,0.4491929984087293
20251217_184957,komanda,HMB_1,Mixed-stream,0.5,0.01,0.02,0.7,4399,2492,0.4335076153671289
20251217_184957,komanda,HMB_1,Mixed-stream,0.5,0.01,0.02,0.8,4399,2559,0.418276881109343
20251217_184957,komanda,HMB_1,Mixed-stream,0.5,0.01,0.02,0.9,4399,2607,0.407365310297795
20251217_184957,komanda,HMB_1,Mixed-stream,0.5,0.01,0.02,1.0,4399,2655,0.39645373948624685
20251217_184957,komanda,HMB_1,Mixed-stream,0.5,0.01,0.02,1.1,4399,2695,0.38736076380995677
20251217_184957,komanda,HMB_1,Mixed-stream,0.5,0.01,0.02,1.2,4399,2731,0.3791770857012957
20251217_184957,komanda,HMB_1,Mixed-stream,0.5,0.01,0.02,1.3,4399,2770,0.37031143441691294
20251217_184957,komanda,HMB_1,Mixed-stream,0.5,0.01,0.02,1.4,4399,2796,0.36440100022732436
20251217_184957,komanda,HMB_1,Mixed-stream,0.5,0.01,0.02,1.5,4399,2826,0.35758126847010685
20251217_184957,komanda,HMB_1,Mixed-stream,0.5,0.01,0.02,1.6,4399,2846,0.3530347806319618
20251217_184957,komanda,HMB_1,Mixed-stream,0.5,0.01,0.02,1.7,4399,2862,0.3493975903614458
20251217_184957,komanda,HMB_1,Mixed-stream,0.5,0.01,0.02,1.8,4399,2880,0.34530575130711527
20251217_184957,komanda,HMB_1,Mixed-stream,0.5,0.01,0.02,1.9,4399,2903,0.3400772902932485
20251217_184957,komanda,HMB_1,Mixed-stream,0.5,0.01,0.02,2.0,4399,2920,0.3362127756308252
20251217_184957,komanda,HMB_1,Inserted-only,0.5,0.01,0.02,0.0,4399,4355,0.010002273243919113
20251217_184957,komanda,HMB_1,Inserted-only,0.5,0.01,0.02,0.1,4399,4368,0.00704705614912482
20251217_184957,komanda,HMB_1,Inserted-only,0.5,0.01,0.02,0.2,4399,4376,0.005228461013866759
20251217_184957,komanda,HMB_1,Inserted-only,0.5,0.01,0.02,0.3,4399,4381,0.004091839054330526
20251217_184957,komanda,HMB_1,Inserted-only,0.5,0.01,0.02,0.4,4399,4383,0.003637190270516011
20251217_184957,komanda,HMB_1,Inserted-only,0.5,0.01,0.02,0.5,4399,4385,0.0031825414867014956
20251217_184957,komanda,HMB_1,Inserted-only,0.5,0.01,0.02,0.6,4399,4385,0.0031825414867014956
20251217_184957,komanda,HMB_1,Inserted-only,0.5,0.01,0.02,0.7,4399,4388,0.0025005683109797783
20251217_184957,komanda,HMB_1,Inserted-only,0.5,0.01,0.02,0.8,4399,4388,0.0025005683109797783
20251217_184957,komanda,HMB_1,Inserted-only,0.5,0.01,0.02,0.9,4399,4389,0.002273243919072465
20251217_184957,komanda,HMB_1,Inserted-only,0.5,0.01,0.02,1.0,4399,4389,0.002273243919072465
20251217_184957,komanda,HMB_1,Inserted-only,0.5,0.01,0.02,1.1,4399,4390,0.002045919527165263
20251217_184957,komanda,HMB_1,Inserted-only,0.5,0.01,0.02,1.2,4399,4390,0.002045919527165263
20251217_184957,komanda,HMB_1,Inserted-only,0.5,0.01,0.02,1.3,4399,4390,0.002045919527165263
20251217_184957,komanda,HMB_1,Inserted-only,0.5,0.01,0.02,1.4,4399,4390,0.002045919527165263
20251217_184957,komanda,HMB_1,Inserted-only,0.5,0.01,0.02,1.5,4399,4390,0.002045919527165263
20251217_184957,komanda,HMB_1,Inserted-only,0.5,0.01,0.02,1.6,4399,4390,0.002045919527165263
20251217_184957,komanda,HMB_1,Inserted-only,0.5,0.01,0.02,1.7,4399,4390,0.002045919527165263
20251217_184957,komanda,HMB_1,Inserted-only,0.5,0.01,0.02,1.8,4399,4390,0.002045919527165263
20251217_184957,komanda,HMB_1,Inserted-only,0.5,0.01,0.02,1.9,4399,4390,0.002045919527165263
20251217_184957,komanda,HMB_1,Inserted-only,0.5,0.01,0.02,2.0,4399,4390,0.002045919527165263
20251217_184957,komanda,HMB_1,Upsampled,0.5,0.01,0.02,0.0,4399,4381,0.004091839054330526
20251217_184957,komanda,HMB_1,Upsampled,0.5,0.01,0.02,0.1,4399,4392,0.0015912707433507478
20251217_184957,komanda,HMB_1,Upsampled,0.5,0.01,0.02,0.2,4399,4396,0.0006819731757217173
20251217_184957,komanda,HMB_1,Upsampled,0.5,0.01,0.02,0.3,4399,4398,0.0002273243919072021
20251217_184957,komanda,HMB_1,Upsampled,0.5,0.01,0.02,0.4,4399,4398,0.0002273243919072021
20251217_184957,komanda,HMB_1,Upsampled,0.5,0.01,0.02,0.5,4399,4398,0.0002273243919072021
20251217_184957,komanda,HMB_1,Upsampled,0.5,0.01,0.02,0.6,4399,4399,0.0
20251217_184957,komanda,HMB_1,Upsampled,0.5,0.01,0.02,0.7,4399,4399,0.0
20251217_184957,komanda,HMB_1,Upsampled,0.5,0.01,0.02,0.8,4399,4399,0.0
20251217_184957,komanda,HMB_1,Upsampled,0.5,0.01,0.02,0.9,4399,4399,0.0
20251217_184957,komanda,HMB_1,Upsampled,0.5,0.01,0.02,1.0,4399,4399,0.0
20251217_184957,komanda,HMB_1,Upsampled,0.5,0.01,0.02,1.1,4399,4399,0.0
20251217_184957,komanda,HMB_1,Upsampled,0.5,0.01,0.02,1.2,4399,4399,0.0
20251217_184957,komanda,HMB_1,Upsampled,0.5,0.01,0.02,1.3,4399,4399,0.0
20251217_184957,komanda,HMB_1,Upsampled,0.5,0.01,0.02,1.4,4399,4399,0.0
20251217_184957,komanda,HMB_1,Upsampled,0.5,0.01,0.02,1.5,4399,4399,0.0
20251217_184957,komanda,HMB_1,Upsampled,0.5,0.01,0.02,1.6,4399,4399,0.0
20251217_184957,komanda,HMB_1,Upsampled,0.5,0.01,0.02,1.7,4399,4399,0.0
20251217_184957,komanda,HMB_1,Upsampled,0.5,0.01,0.02,1.8,4399,4399,0.0
20251217_184957,komanda,HMB_1,Upsampled,0.5,0.01,0.02,1.9,4399,4399,0.0
20251217_184957,komanda,HMB_1,Upsampled,0.5,0.01,0.02,2.0,4399,4399,0.0
20251217_184957,komanda,HMB_2,Mixed-stream,0.5,0.01,0.02,0.0,15734,4527,0.7122791407143765
20251217_184957,komanda,HMB_2,Mixed-stream,0.5,0.01,0.02,0.1,15734,4801,0.6948646243803229
20251217_184957,komanda,HMB_2,Mixed-stream,0.5,0.01,0.02,0.2,15734,5087,0.6766874284987925
20251217_184957,komanda,HMB_2,Mixed-stream,0.5,0.01,0.02,0.3,15734,5362,0.6592093555357823
20251217_184957,komanda,HMB_2,Mixed-stream,0.5,0.01,0.02,0.4,15734,5628,0.64230329223338
20251217_184957,komanda,HMB_2,Mixed-stream,0.5,0.01,0.02,0.5,15734,5883,0.626096351849498
20251217_184957,komanda,HMB_2,Mixed-stream,0.5,0.01,0.02,0.6,15734,6130,0.6103978644972671
20251217_184957,komanda,HMB_2,Mixed-stream,0.5,0.01,0.02,0.7,15734,6373,0.5949536036608618
20251217_184957,komanda,HMB_2,Mixed-stream,0.5,0.01,0.02,0.8,15734,6577,0.5819880513537562
20251217_184957,komanda,HMB_2,Mixed-stream,0.5,0.01,0.02,0.9,15734,6753,0.5708020846574298
20251217_184957,komanda,HMB_2,Mixed-stream,0.5,0.01,0.02,1.0,15734,6910,0.560823693911275
20251217_184957,komanda,HMB_2,Mixed-stream,0.5,0.01,0.02,1.1,15734,7034,0.5529426719206814
20251217_184957,komanda,HMB_2,Mixed-stream,0.5,0.01,0.02,1.2,15734,7152,0.5454429897038261
20251217_184957,komanda,HMB_2,Mixed-stream,0.5,0.01,0.02,1.3,15734,7236,0.5401042328714885
20251217_184957,komanda,HMB_2,Mixed-stream,0.5,0.01,0.02,1.4,15734,7319,0.5348290326681073
20251217_184957,komanda,HMB_2,Mixed-stream,0.5,0.01,0.02,1.5,15734,7396,0.5299351722384644
20251217_184957,komanda,HMB_2,Mixed-stream,0.5,0.01,0.02,1.6,15734,7450,0.5265031142748189
20251217_184957,komanda,HMB_2,Mixed-stream,0.5,0.01,0.02,1.7,15734,7501,0.5232617261980425
20251217_184957,komanda,HMB_2,Mixed-stream,0.5,0.01,0.02,1.8,15734,7559,0.5195754417185712
20251217_184957,komanda,HMB_2,Mixed-stream,0.5,0.01,0.02,1.9,15734,7608,0.5164611668997077
20251217_184957,komanda,HMB_2,Mixed-stream,0.5,0.01,0.02,2.0,15734,7641,0.5143637981441465
20251217_184957,komanda,HMB_2,Inserted-only,0.5,0.01,0.02,0.0,15734,15401,0.02116435744248124
20251217_184957,komanda,HMB_2,Inserted-only,0.5,0.01,0.02,0.1,15734,15486,0.01576204398118719
20251217_184957,komanda,HMB_2,Inserted-only,0.5,0.01,0.02,0.2,15734,15523,0.01341044870980046
20251217_184957,komanda,HMB_2,Inserted-only,0.5,0.01,0.02,0.3,15734,15551,0.011630863099021282
20251217_184957,komanda,HMB_2,Inserted-only,0.5,0.01,0.02,0.4,15734,15571,0.010359730519893251
20251217_184957,komanda,HMB_2,Inserted-only,0.5,0.01,0.02,0.5,15734,15593,0.008961484682852405
20251217_184957,komanda,HMB_2,Inserted-only,0.5,0.01,0.02,0.6,15734,15606,0.008135248506419224
20251217_184957,komanda,HMB_2,Inserted-only,0.5,0.01,0.02,0.7,15734,15621,0.007181899072073228
20251217_184957,komanda,HMB_2,Inserted-only,0.5,0.01,0.02,0.8,15734,15631,0.006546332782509268
20251217_184957,komanda,HMB_2,Inserted-only,0.5,0.01,0.02,0.9,15734,15637,0.006164993008770825
20251217_184957,komanda,HMB_2,Inserted-only,0.5,0.01,0.02,1.0,15734,15641,0.005910766492945196
20251217_184957,komanda,HMB_2,Inserted-only,0.5,0.01,0.02,1.1,15734,15647,0.005529426719206865
20251217_184957,komanda,HMB_2,Inserted-only,0.5,0.01,0.02,1.2,15734,15649,0.0054023134612940504
20251217_184957,komanda,HMB_2,Inserted-only,0.5,0.01,0.02,1.3,15734,15653,0.005148086945468422
20251217_184957,komanda,HMB_2,Inserted-only,0.5,0.01,0.02,1.4,15734,15653,0.005148086945468422
20251217_184957,komanda,HMB_2,Inserted-only,0.5,0.01,0.02,1.5,15734,15656,0.0049574170585992006
20251217_184957,komanda,HMB_2,Inserted-only,0.5,0.01,0.02,1.6,15734,15656,0.0049574170585992006
20251217_184957,komanda,HMB_2,Inserted-only,0.5,0.01,0.02,1.7,15734,15657,0.0048938604296427934
20251217_184957,komanda,HMB_2,Inserted-only,0.5,0.01,0.02,1.8,15734,15659,0.004766747171729979
20251217_184957,komanda,HMB_2,Inserted-only,0.5,0.01,0.02,1.9,15734,15659,0.004766747171729979
20251217_184957,komanda,HMB_2,Inserted-only,0.5,0.01,0.02,2.0,15734,15659,0.004766747171729979
20251217_184957,komanda,HMB_2,Upsampled,0.5,0.01,0.02,0.0,15734,15643,0.005783653235032382
20251217_184957,komanda,HMB_2,Upsampled,0.5,0.01,0.02,0.1,15734,15686,0.003050718189907209
20251217_184957,komanda,HMB_2,Upsampled,0.5,0.01,0.02,0.2,15734,15701,0.002097368755561213
20251217_184957,komanda,HMB_2,Upsampled,0.5,0.01,0.02,0.3,15734,15712,0.0013982458370408457
20251217_184957,komanda,HMB_2,Upsampled,0.5,0.01,0.02,0.4,15734,15719,0.0009533494343459958
20251217_184957,komanda,HMB_2,Upsampled,0.5,0.01,0.02,0.5,15734,15720,0.0008897928053895887
20251217_184957,komanda,HMB_2,Upsampled,0.5,0.01,0.02,0.6,15734,15721,0.0008262361764331816
20251217_184957,komanda,HMB_2,Upsampled,0.5,0.01,0.02,0.7,15734,15724,0.0006355662895639602
20251217_184957,komanda,HMB_2,Upsampled,0.5,0.01,0.02,0.8,15734,15725,0.0005720096606075531
20251217_184957,komanda,HMB_2,Upsampled,0.5,0.01,0.02,0.9,15734,15725,0.0005720096606075531
20251217_184957,komanda,HMB_2,Upsampled,0.5,0.01,0.02,1.0,15734,15725,0.0005720096606075531
20251217_184957,komanda,HMB_2,Upsampled,0.5,0.01,0.02,1.1,15734,15725,0.0005720096606075531
20251217_184957,komanda,HMB_2,Upsampled,0.5,0.01,0.02,1.2,15734,15726,0.000508453031651146
20251217_184957,komanda,HMB_2,Upsampled,0.5,0.01,0.02,1.3,15734,15726,0.000508453031651146
20251217_184957,komanda,HMB_2,Upsampled,0.5,0.01,0.02,1.4,15734,15727,0.00044489640269484987
20251217_184957,komanda,HMB_2,Upsampled,0.5,0.01,0.02,1.5,15734,15727,0.00044489640269484987
20251217_184957,komanda,HMB_2,Upsampled,0.5,0.01,0.02,1.6,15734,15727,0.00044489640269484987
20251217_184957,komanda,HMB_2,Upsampled,0.5,0.01,0.02,1.7,15734,15728,0.00038133977373844274
20251217_184957,komanda,HMB_2,Upsampled,0.5,0.01,0.02,1.8,15734,15728,0.00038133977373844274
20251217_184957,komanda,HMB_2,Upsampled,0.5,0.01,0.02,1.9,15734,15728,0.00038133977373844274
20251217_184957,komanda,HMB_2,Upsampled,0.5,0.01,0.02,2.0,15734,15728,0.00038133977373844274
20251217_184957,komanda,HMB_3,Mixed-stream,0.5,0.01,0.02,0.0,5277,1391,0.7364032594277051
20251217_184957,komanda,HMB_3,Mixed-stream,0.5,0.01,0.02,0.1,5277,1481,0.7193481144589728
20251217_184957,komanda,HMB_3,Mixed-stream,0.5,0.01,0.02,0.2,5277,1572,0.702103467879477
20251217_184957,komanda,HMB_3,Mixed-stream,0.5,0.01,0.02,0.3,5277,1685,0.6806897858631799
20251217_184957,komanda,HMB_3,Mixed-stream,0.5,0.01,0.02,0.4,5277,1799,0.659086602236119
20251217_184957,komanda,HMB_3,Mixed-stream,0.5,0.01,0.02,0.5,5277,1916,0.6369149137767671
20251217_184957,komanda,HMB_3,Mixed-stream,0.5,0.01,0.02,0.6,5277,2021,0.6170172446465795
20251217_184957,komanda,HMB_3,Mixed-stream,0.5,0.01,0.02,0.7,5277,2115,0.5992040932347925
20251217_184957,komanda,HMB_3,Mixed-stream,0.5,0.01,0.02,0.8,5277,2206,0.5819594466552966
20251217_184957,komanda,HMB_3,Mixed-stream,0.5,0.01,0.02,0.9,5277,2275,0.5688838355126018
20251217_184957,komanda,HMB_3,Mixed-stream,0.5,0.01,0.02,1.0,5277,2333,0.5578927420883077
20251217_184957,komanda,HMB_3,Mixed-stream,0.5,0.01,0.02,1.1,5277,2377,0.5495546712147052
20251217_184957,komanda,HMB_3,Mixed-stream,0.5,0.01,0.02,1.2,5277,2410,0.5433011180595035
20251217_184957,komanda,HMB_3,Mixed-stream,0.5,0.01,0.02,1.3,5277,2437,0.5381845745688838
20251217_184957,komanda,HMB_3,Mixed-stream,0.5,0.01,0.02,1.4,5277,2466,0.5326890278567368
20251217_184957,komanda,HMB_3,Mixed-stream,0.5,0.01,0.02,1.5,5277,2486,0.5288989956414629
20251217_184957,komanda,HMB_3,Mixed-stream,0.5,0.01,0.02,1.6,5277,2513,0.5237824521508433
20251217_184957,komanda,HMB_3,Mixed-stream,0.5,0.01,0.02,1.7,5277,2528,0.5209399279893879
20251217_184957,komanda,HMB_3,Mixed-stream,0.5,0.01,0.02,1.8,5277,2551,0.516581390941823
20251217_184957,komanda,HMB_3,Mixed-stream,0.5,0.01,0.02,1.9,5277,2562,0.5144968732234224
20251217_184957,komanda,HMB_3,Mixed-stream,0.5,0.01,0.02,2.0,5277,2574,0.5122228538942581
20251217_184957,komanda,HMB_3,Inserted-only,0.5,0.01,0.02,0.0,5277,5244,0.006253553155201819
20251217_184957,komanda,HMB_3,Inserted-only,0.5,0.01,0.02,0.1,5277,5255,0.0041690354368012494
20251217_184957,komanda,HMB_3,Inserted-only,0.5,0.01,0.02,0.2,5277,5261,0.0030320257722190602
20251217_184957,komanda,HMB_3,Inserted-only,0.5,0.01,0.02,0.3,5277,5267,0.001895016107636871
20251217_184957,komanda,HMB_3,Inserted-only,0.5,0.01,0.02,0.4,5277,5268,0.0017055144968731728
20251217_184957,komanda,HMB_3,Inserted-only,0.5,0.01,0.02,0.5,5277,5269,0.0015160128861095856
20251217_184957,komanda,HMB_3,Inserted-only,0.5,0.01,0.02,0.6,5277,5270,0.0013265112753458874
20251217_184957,komanda,HMB_3,Inserted-only,0.5,0.01,0.02,0.7,5277,5271,0.0011370096645821892
20251217_184957,komanda,HMB_3,Inserted-only,0.5,0.01,0.02,0.8,5277,5271,0.0011370096645821892
20251217_184957,komanda,HMB_3,Inserted-only,0.5,0.01,0.02,0.9,5277,5274,0.0005685048322910946
20251217_184957,komanda,HMB_3,Inserted-only,0.5,0.01,0.02,1.0,5277,5274,0.0005685048322910946
20251217_184957,komanda,HMB_3,Inserted-only,0.5,0.01,0.02,1.1,5277,5274,0.0005685048322910946
20251217_184957,komanda,HMB_3,Inserted-only,0.5,0.01,0.02,1.2,5277,5274,0.0005685048322910946
20251217_184957,komanda,HMB_3,Inserted-only,0.5,0.01,0.02,1.3,5277,5274,0.0005685048322910946
20251217_184957,komanda,HMB_3,Inserted-only,0.5,0.01,0.02,1.4,5277,5274,0.0005685048322910946
20251217_184957,komanda,HMB_3,Inserted-only,0.5,0.01,0.02,1.5,5277,5275,0.0003790032215273964
20251217_184957,komanda,HMB_3,Inserted-only,0.5,0.01,0.02,1.6,5277,5275,0.0003790032215273964
20251217_184957,komanda,HMB_3,Inserted-only,0.5,0.01,0.02,1.7,5277,5275,0.0003790032215273964
20251217_184957,komanda,HMB_3,Inserted-only,0.5,0.01,0.02,1.8,5277,5275,0.0003790032215273964
20251217_184957,komanda,HMB_3,Inserted-only,0.5,0.01,0.02,1.9,5277,5275,0.0003790032215273964
20251217_184957,komanda,HMB_3,Inserted-only,0.5,0.01,0.02,2.0,5277,5275,0.0003790032215273964
20251217_184957,komanda,HMB_3,Upsampled,0.5,0.01,0.02,0.0,5277,5271,0.0011370096645821892
20251217_184957,komanda,HMB_3,Upsampled,0.5,0.01,0.02,0.1,5277,5274,0.0005685048322910946
20251217_184957,komanda,HMB_3,Upsampled,0.5,0.01,0.02,0.2,5277,5275,0.0003790032215273964
20251217_184957,komanda,HMB_3,Upsampled,0.5,0.01,0.02,0.3,5277,5276,0.0001895016107636982
20251217_184957,komanda,HMB_3,Upsampled,0.5,0.01,0.02,0.4,5277,5276,0.0001895016107636982
20251217_184957,komanda,HMB_3,Upsampled,0.5,0.01,0.02,0.5,5277,5276,0.0001895016107636982
20251217_184957,komanda,HMB_3,Upsampled,0.5,0.01,0.02,0.6,5277,5276,0.0001895016107636982
20251217_184957,komanda,HMB_3,Upsampled,0.5,0.01,0.02,0.7,5277,5277,0.0
20251217_184957,komanda,HMB_3,Upsampled,0.5,0.01,0.02,0.8,5277,5277,0.0
20251217_184957,komanda,HMB_3,Upsampled,0.5,0.01,0.02,0.9,5277,5277,0.0
20251217_184957,komanda,HMB_3,Upsampled,0.5,0.01,0.02,1.0,5277,5277,0.0
20251217_184957,komanda,HMB_3,Upsampled,0.5,0.01,0.02,1.1,5277,5277,0.0
20251217_184957,komanda,HMB_3,Upsampled,0.5,0.01,0.02,1.2,5277,5277,0.0
20251217_184957,komanda,HMB_3,Upsampled,0.5,0.01,0.02,1.3,5277,5277,0.0
20251217_184957,komanda,HMB_3,Upsampled,0.5,0.01,0.02,1.4,5277,5277,0.0
20251217_184957,komanda,HMB_3,Upsampled,0.5,0.01,0.02,1.5,5277,5277,0.0
20251217_184957,komanda,HMB_3,Upsampled,0.5,0.01,0.02,1.6,5277,5277,0.0
20251217_184957,komanda,HMB_3,Upsampled,0.5,0.01,0.02,1.7,5277,5277,0.0
20251217_184957,komanda,HMB_3,Upsampled,0.5,0.01,0.02,1.8,5277,5277,0.0
20251217_184957,komanda,HMB_3,Upsampled,0.5,0.01,0.02,1.9,5277,5277,0.0
20251217_184957,komanda,HMB_3,Upsampled,0.5,0.01,0.02,2.0,5277,5277,0.0
20251217_184957,komanda,HMB_4,Mixed-stream,0.5,0.01,0.02,0.0,1972,593,0.699290060851927
20251217_184957,komanda,HMB_4,Mixed-stream,0.5,0.01,0.02,0.1,1972,610,0.6906693711967546
20251217_184957,komanda,HMB_4,Mixed-stream,0.5,0.01,0.02,0.2,1972,629,0.6810344827586207
20251217_184957,komanda,HMB_4,Mixed-stream,0.5,0.01,0.02,0.3,1972,648,0.6713995943204868
20251217_184957,komanda,HMB_4,Mixed-stream,0.5,0.01,0.02,0.4,1972,672,0.6592292089249493
20251217_184957,komanda,HMB_4,Mixed-stream,0.5,0.01,0.02,0.5,1972,692,0.6490872210953347
20251217_184957,komanda,HMB_4,Mixed-stream,0.5,0.01,0.02,0.6,1972,710,0.6399594320486816
20251217_184957,komanda,HMB_4,Mixed-stream,0.5,0.01,0.02,0.7,1972,726,0.6318458417849899
20251217_184957,komanda,HMB_4,Mixed-stream,0.5,0.01,0.02,0.8,1972,741,0.6242393509127788
20251217_184957,komanda,HMB_4,Mixed-stream,0.5,0.01,0.02,0.9,1972,754,0.6176470588235294
20251217_184957,komanda,HMB_4,Mixed-stream,0.5,0.01,0.02,1.0,1972,763,0.6130831643002028
20251217_184957,komanda,HMB_4,Mixed-stream,0.5,0.01,0.02,1.1,1972,776,0.6064908722109533
20251217_184957,komanda,HMB_4,Mixed-stream,0.5,0.01,0.02,1.2,1972,793,0.597870182555781
20251217_184957,komanda,HMB_4,Mixed-stream,0.5,0.01,0.02,1.3,1972,804,0.592292089249493
20251217_184957,komanda,HMB_4,Mixed-stream,0.5,0.01,0.02,1.4,1972,818,0.5851926977687627
20251217_184957,komanda,HMB_4,Mixed-stream,0.5,0.01,0.02,1.5,1972,823,0.5826572008113591
20251217_184957,komanda,HMB_4,Mixed-stream,0.5,0.01,0.02,1.6,1972,826,0.5811359026369168
20251217_184957,komanda,HMB_4,Mixed-stream,0.5,0.01,0.02,1.7,1972,834,0.577079107505071
20251217_184957,komanda,HMB_4,Mixed-stream,0.5,0.01,0.02,1.8,1972,838,0.5750507099391481
20251217_184957,komanda,HMB_4,Mixed-stream,0.5,0.01,0.02,1.9,1972,844,0.5720081135902637
20251217_184957,komanda,HMB_4,Mixed-stream,0.5,0.01,0.02,2.0,1972,849,0.5694726166328601
20251217_184957,komanda,HMB_4,Inserted-only,0.5,0.01,0.02,0.0,1972,1971,0.0005070993914807476
20251217_184957,komanda,HMB_4,Inserted-only,0.5,0.01,0.02,0.1,1972,1972,0.0
20251217_184957,komanda,HMB_4,Inserted-only,0.5,0.01,0.02,0.2,1972,1972,0.0
20251217_184957,komanda,HMB_4,Inserted-only,0.5,0.01,0.02,0.3,1972,1972,0.0
20251217_184957,komanda,HMB_4,Inserted-only,0.5,0.01,0.02,0.4,1972,1972,0.0
20251217_184957,komanda,HMB_4,Inserted-only,0.5,0.01,0.02,0.5,1972,1972,0.0
20251217_184957,komanda,HMB_4,Inserted-only,0.5,0.01,0.02,0.6,1972,1972,0.0
20251217_184957,komanda,HMB_4,Inserted-only,0.5,0.01,0.02,0.7,1972,1972,0.0
20251217_184957,komanda,HMB_4,Inserted-only,0.5,0.01,0.02,0.8,1972,1972,0.0
20251217_184957,komanda,HMB_4,Inserted-only,0.5,0.01,0.02,0.9,1972,1972,0.0
20251217_184957,komanda,HMB_4,Inserted-only,0.5,0.01,0.02,1.0,1972,1972,0.0
20251217_184957,komanda,HMB_4,Inserted-only,0.5,0.01,0.02,1.1,1972,1972,0.0
20251217_184957,komanda,HMB_4,Inserted-only,0.5,0.01,0.02,1.2,1972,1972,0.0
20251217_184957,komanda,HMB_4,Inserted-only,0.5,0.01,0.02,1.3,1972,1972,0.0
20251217_184957,komanda,HMB_4,Inserted-only,0.5,0.01,0.02,1.4,1972,1972,0.0
20251217_184957,komanda,HMB_4,Inserted-only,0.5,0.01,0.02,1.5,1972,1972,0.0
20251217_184957,komanda,HMB_4,Inserted-only,0.5,0.01,0.02,1.6,1972,1972,0.0
20251217_184957,komanda,HMB_4,Inserted-only,0.5,0.01,0.02,1.7,1972,1972,0.0
20251217_184957,komanda,HMB_4,Inserted-only,0.5,0.01,0.02,1.8,1972,1972,0.0
20251217_184957,komanda,HMB_4,Inserted-only,0.5,0.01,0.02,1.9,1972,1972,0.0
20251217_184957,komanda,HMB_4,Inserted-only,0.5,0.01,0.02,2.0,1972,1972,0.0
20251217_184957,komanda,HMB_4,Upsampled,0.5,0.01,0.02,0.0,1972,1972,0.0
20251217_184957,komanda,HMB_4,Upsampled,0.5,0.01,0.02,0.1,1972,1972,0.0
20251217_184957,komanda,HMB_4,Upsampled,0.5,0.01,0.02,0.2,1972,1972,0.0
20251217_184957,komanda,HMB_4,Upsampled,0.5,0.01,0.02,0.3,1972,1972,0.0
20251217_184957,komanda,HMB_4,Upsampled,0.5,0.01,0.02,0.4,1972,1972,0.0
20251217_184957,komanda,HMB_4,Upsampled,0.5,0.01,0.02,0.5,1972,1972,0.0
20251217_184957,komanda,HMB_4,Upsampled,0.5,0.01,0.02,0.6,1972,1972,0.0
20251217_184957,komanda,HMB_4,Upsampled,0.5,0.01,0.02,0.7,1972,1972,0.0
20251217_184957,komanda,HMB_4,Upsampled,0.5,0.01,0.02,0.8,1972,1972,0.0
20251217_184957,komanda,HMB_4,Upsampled,0.5,0.01,0.02,0.9,1972,1972,0.0
20251217_184957,komanda,HMB_4,Upsampled,0.5,0.01,0.02,1.0,1972,1972,0.0
20251217_184957,komanda,HMB_4,Upsampled,0.5,0.01,0.02,1.1,1972,1972,0.0
20251217_184957,komanda,HMB_4,Upsampled,0.5,0.01,0.02,1.2,1972,1972,0.0
20251217_184957,komanda,HMB_4,Upsampled,0.5,0.01,0.02,1.3,1972,1972,0.0
20251217_184957,komanda,HMB_4,Upsampled,0.5,0.01,0.02,1.4,1972,1972,0.0
20251217_184957,komanda,HMB_4,Upsampled,0.5,0.01,0.02,1.5,1972,1972,0.0
20251217_184957,komanda,HMB_4,Upsampled,0.5,0.01,0.02,1.6,1972,1972,0.0
20251217_184957,komanda,HMB_4,Upsampled,0.5,0.01,0.02,1.7,1972,1972,0.0
20251217_184957,komanda,HMB_4,Upsampled,0.5,0.01,0.02,1.8,1972,1972,0.0
20251217_184957,komanda,HMB_4,Upsampled,0.5,0.01,0.02,1.9,1972,1972,0.0
20251217_184957,komanda,HMB_4,Upsampled,0.5,0.01,0.02,2.0,1972,1972,0.0
20251217_184957,komanda,HMB_5,Mixed-stream,0.5,0.01,0.02,0.0,4233,822,0.8058114812189936
20251217_184957,komanda,HMB_5,Mixed-stream,0.5,0.01,0.02,0.1,4233,873,0.7937632884479093
20251217_184957,komanda,HMB_5,Mixed-stream,0.5,0.01,0.02,0.2,4233,923,0.7819513347507678
20251217_184957,komanda,HMB_5,Mixed-stream,0.5,0.01,0.02,0.3,4233,969,0.7710843373493976
20251217_184957,komanda,HMB_5,Mixed-stream,0.5,0.01,0.02,0.4,4233,1027,0.7573824710607134
20251217_184957,komanda,HMB_5,Mixed-stream,0.5,0.01,0.02,0.5,4233,1080,0.7448618001417435
20251217_184957,komanda,HMB_5,Mixed-stream,0.5,0.01,0.02,0.6,4233,1132,0.7325773682967163
20251217_184957,komanda,HMB_5,Mixed-stream,0.5,0.01,0.02,0.7,4233,1177,0.7219466099692889
20251217_184957,komanda,HMB_5,Mixed-stream,0.5,0.01,0.02,0.8,4233,1234,0.7084809827545476
20251217_184957,komanda,HMB_5,Mixed-stream,0.5,0.01,0.02,0.9,4233,1277,0.6983227025750058
20251217_184957,komanda,HMB_5,Mixed-stream,0.5,0.01,0.02,1.0,4233,1308,0.6909992912827781
20251217_184957,komanda,HMB_5,Mixed-stream,0.5,0.01,0.02,1.1,4233,1340,0.6834396409166076
20251217_184957,komanda,HMB_5,Mixed-stream,0.5,0.01,0.02,1.2,4233,1356,0.6796598157335223
20251217_184957,komanda,HMB_5,Mixed-stream,0.5,0.01,0.02,1.3,4233,1376,0.6749350342546657
20251217_184957,komanda,HMB_5,Mixed-stream,0.5,0.01,0.02,1.4,4233,1391,0.6713914481455232
20251217_184957,komanda,HMB_5,Mixed-stream,0.5,0.01,0.02,1.5,4233,1402,0.6687928183321521
20251217_184957,komanda,HMB_5,Mixed-stream,0.5,0.01,0.02,1.6,4233,1415,0.6657217103708953
20251217_184957,komanda,HMB_5,Mixed-stream,0.5,0.01,0.02,1.7,4233,1431,0.66194188518781
20251217_184957,komanda,HMB_5,Mixed-stream,0.5,0.01,0.02,1.8,4233,1441,0.6595794944483817
20251217_184957,komanda,HMB_5,Mixed-stream,0.5,0.01,0.02,1.9,4233,1444,0.6588707772265533
20251217_184957,komanda,HMB_5,Mixed-stream,0.5,0.01,0.02,2.0,4233,1451,0.6572171037089535
20251217_184957,komanda,HMB_5,Inserted-only,0.5,0.01,0.02,0.0,4233,4035,0.04677533664068034
20251217_184957,komanda,HMB_5,Inserted-only,0.5,0.01,0.02,0.1,4233,4065,0.03968816442239542
20251217_184957,komanda,HMB_5,Inserted-only,0.5,0.01,0.02,0.2,4233,4075,0.03732577368296719
20251217_184957,komanda,HMB_5,Inserted-only,0.5,0.01,0.02,0.3,4233,4090,0.033782187573824674
20251217_184957,komanda,HMB_5,Inserted-only,0.5,0.01,0.02,0.4,4233,4100,0.03141979683439644
20251217_184957,komanda,HMB_5,Inserted-only,0.5,0.01,0.02,0.5,4233,4104,0.030474840538625037
20251217_184957,komanda,HMB_5,Inserted-only,0.5,0.01,0.02,0.6,4233,4111,0.02882116702102533
20251217_184957,komanda,HMB_5,Inserted-only,0.5,0.01,0.02,0.7,4233,4121,0.026458776281596985
20251217_184957,komanda,HMB_5,Inserted-only,0.5,0.01,0.02,0.8,4233,4127,0.025041341837940045
20251217_184957,komanda,HMB_5,Inserted-only,0.5,0.01,0.02,0.9,4233,4130,0.02433262461611152
20251217_184957,komanda,HMB_5,Inserted-only,0.5,0.01,0.02,1.0,4233,4130,0.02433262461611152
20251217_184957,komanda,HMB_5,Inserted-only,0.5,0.01,0.02,1.1,4233,4130,0.02433262461611152
20251217_184957,komanda,HMB_5,Inserted-only,0.5,0.01,0.02,1.2,4233,4130,0.02433262461611152
20251217_184957,komanda,HMB_5,Inserted-only,0.5,0.01,0.02,1.3,4233,4130,0.02433262461611152
20251217_184957,komanda,HMB_5,Inserted-only,0.5,0.01,0.02,1.4,4233,4130,0.02433262461611152
20251217_184957,komanda,HMB_5,Inserted-only,0.5,0.01,0.02,1.5,4233,4131,0.02409638554216864
20251217_184957,komanda,HMB_5,Inserted-only,0.5,0.01,0.02,1.6,4233,4132,0.023860146468225873
20251217_184957,komanda,HMB_5,Inserted-only,0.5,0.01,0.02,1.7,4233,4132,0.023860146468225873
20251217_184957,komanda,HMB_5,Inserted-only,0.5,0.01,0.02,1.8,4233,4132,0.023860146468225873
20251217_184957,komanda,HMB_5,Inserted-only,0.5,0.01,0.02,1.9,4233,4132,0.023860146468225873
20251217_184957,komanda,HMB_5,Inserted-only,0.5,0.01,0.02,2.0,4233,4132,0.023860146468225873
20251217_184957,komanda,HMB_5,Upsampled,0.5,0.01,0.02,0.0,4233,4208,0.005905976848570749
20251217_184957,komanda,HMB_5,Upsampled,0.5,0.01,0.02,0.1,4233,4221,0.0028348688873139904
20251217_184957,komanda,HMB_5,Upsampled,0.5,0.01,0.02,0.2,4233,4225,0.0018899125915425863
20251217_184957,komanda,HMB_5,Upsampled,0.5,0.01,0.02,0.3,4233,4225,0.0018899125915425863
20251217_184957,komanda,HMB_5,Upsampled,0.5,0.01,0.02,0.4,4233,4227,0.0014174344436569397
20251217_184957,komanda,HMB_5,Upsampled,0.5,0.01,0.02,0.5,4233,4228,0.001181195369714172
20251217_184957,komanda,HMB_5,Upsampled,0.5,0.01,0.02,0.6,4233,4228,0.001181195369714172
20251217_184957,komanda,HMB_5,Upsampled,0.5,0.01,0.02,0.7,4233,4230,0.0007087172218285254
20251217_184957,komanda,HMB_5,Upsampled,0.5,0.01,0.02,0.8,4233,4230,0.0007087172218285254
20251217_184957,komanda,HMB_5,Upsampled,0.5,0.01,0.02,0.9,4233,4231,0.00047247814788564657
20251217_184957,komanda,HMB_5,Upsampled,0.5,0.01,0.02,1.0,4233,4231,0.00047247814788564657
20251217_184957,komanda,HMB_5,Upsampled,0.5,0.01,0.02,1.1,4233,4231,0.00047247814788564657
20251217_184957,komanda,HMB_5,Upsampled,0.5,0.01,0.02,1.2,4233,4231,0.00047247814788564657
20251217_184957,komanda,HMB_5,Upsampled,0.5,0.01,0.02,1.3,4233,4231,0.00047247814788564657
20251217_184957,komanda,HMB_5,Upsampled,0.5,0.01,0.02,1.4,4233,4231,0.00047247814788564657
20251217_184957,komanda,HMB_5,Upsampled,0.5,0.01,0.02,1.5,4233,4231,0.00047247814788564657
20251217_184957,komanda,HMB_5,Upsampled,0.5,0.01,0.02,1.6,4233,4231,0.00047247814788564657
20251217_184957,komanda,HMB_5,Upsampled,0.5,0.01,0.02,1.7,4233,4231,0.00047247814788564657
20251217_184957,komanda,HMB_5,Upsampled,0.5,0.01,0.02,1.8,4233,4231,0.00047247814788564657
20251217_184957,komanda,HMB_5,Upsampled,0.5,0.01,0.02,1.9,4233,4231,0.00047247814788564657
20251217_184957,komanda,HMB_5,Upsampled,0.5,0.01,0.02,2.0,4233,4231,0.00047247814788564657
20251217_184957,komanda,HMB_6,Mixed-stream,0.5,0.01,0.02,0.0,6304,3035,0.5185596446700508
20251217_184957,komanda,HMB_6,Mixed-stream,0.5,0.01,0.02,0.1,6304,3181,0.4953997461928934
20251217_184957,komanda,HMB_6,Mixed-stream,0.5,0.01,0.02,0.2,6304,3310,0.4749365482233503
20251217_184957,komanda,HMB_6,Mixed-stream,0.5,0.01,0.02,0.3,6304,3418,0.45780456852791873
20251217_184957,komanda,HMB_6,Mixed-stream,0.5,0.01,0.02,0.4,6304,3537,0.4389276649746193
20251217_184957,komanda,HMB_6,Mixed-stream,0.5,0.01,0.02,0.5,6304,3656,0.4200507614213198
20251217_184957,komanda,HMB_6,Mixed-stream,0.5,0.01,0.02,0.6,6304,3739,0.4068845177664975
20251217_184957,komanda,HMB_6,Mixed-stream,0.5,0.01,0.02,0.7,6304,3840,0.3908629441624365
20251217_184957,komanda,HMB_6,Mixed-stream,0.5,0.01,0.02,0.8,6304,3925,0.37737944162436543
20251217_184957,komanda,HMB_6,Mixed-stream,0.5,0.01,0.02,0.9,6304,4006,0.36453045685279184
20251217_184957,komanda,HMB_6,Mixed-stream,0.5,0.01,0.02,1.0,6304,4074,0.35374365482233505
20251217_184957,komanda,HMB_6,Mixed-stream,0.5,0.01,0.02,1.1,6304,4134,0.3442258883248731
20251217_184957,komanda,HMB_6,Mixed-stream,0.5,0.01,0.02,1.2,6304,4176,0.3375634517766497
20251217_184957,komanda,HMB_6,Mixed-stream,0.5,0.01,0.02,1.3,6304,4217,0.3310596446700508
20251217_184957,komanda,HMB_6,Mixed-stream,0.5,0.01,0.02,1.4,6304,4255,0.32503172588832485
20251217_184957,komanda,HMB_6,Mixed-stream,0.5,0.01,0.02,1.5,6304,4295,0.3186865482233503
20251217_184957,komanda,HMB_6,Mixed-stream,0.5,0.01,0.02,1.6,6304,4329,0.31329314720812185
20251217_184957,komanda,HMB_6,Mixed-stream,0.5,0.01,0.02,1.7,6304,4363,0.3078997461928934
20251217_184957,komanda,HMB_6,Mixed-stream,0.5,0.01,0.02,1.8,6304,4399,0.3021890862944162
20251217_184957,komanda,HMB_6,Mixed-stream,0.5,0.01,0.02,1.9,6304,4434,0.2966370558375635
20251217_184957,komanda,HMB_6,Mixed-stream,0.5,0.01,0.02,2.0,6304,4463,0.2920368020304569
20251217_184957,komanda,HMB_6,Inserted-only,0.5,0.01,0.02,0.0,6304,6293,0.0017449238578680637
20251217_184957,komanda,HMB_6,Inserted-only,0.5,0.01,0.02,0.1,6304,6295,0.0014276649746193248
20251217_184957,komanda,HMB_6,Inserted-only,0.5,0.01,0.02,0.2,6304,6296,0.0012690355329949554
20251217_184957,komanda,HMB_6,Inserted-only,0.5,0.01,0.02,0.3,6304,6296,0.0012690355329949554
20251217_184957,komanda,HMB_6,Inserted-only,0.5,0.01,0.02,0.4,6304,6296,0.0012690355329949554
20251217_184957,komanda,HMB_6,Inserted-only,0.5,0.01,0.02,0.5,6304,6297,0.001110406091370586
20251217_184957,komanda,HMB_6,Inserted-only,0.5,0.01,0.02,0.6,6304,6297,0.001110406091370586
20251217_184957,komanda,HMB_6,Inserted-only,0.5,0.01,0.02,0.7,6304,6297,0.001110406091370586
20251217_184957,komanda,HMB_6,Inserted-only,0.5,0.01,0.02,0.8,6304,6298,0.0009517766497462166
20251217_184957,komanda,HMB_6,Inserted-only,0.5,0.01,0.02,0.9,6304,6298,0.0009517766497462166
20251217_184957,komanda,HMB_6,Inserted-only,0.5,0.01,0.02,1.0,6304,6298,0.0009517766497462166
20251217_184957,komanda,HMB_6,Inserted-only,0.5,0.01,0.02,1.1,6304,6298,0.0009517766497462166
20251217_184957,komanda,HMB_6,Inserted-only,0.5,0.01,0.02,1.2,6304,6298,0.0009517766497462166
20251217_184957,komanda,HMB_6,Inserted-only,0.5,0.01,0.02,1.3,6304,6298,0.0009517766497462166
20251217_184957,komanda,HMB_6,Inserted-only,0.5,0.01,0.02,1.4,6304,6298,0.0009517766497462166
20251217_184957,komanda,HMB_6,Inserted-only,0.5,0.01,0.02,1.5,6304,6298,0.0009517766497462166
20251217_184957,komanda,HMB_6,Inserted-only,0.5,0.01,0.02,1.6,6304,6298,0.0009517766497462166
20251217_184957,komanda,HMB_6,Inserted-only,0.5,0.01,0.02,1.7,6304,6298,0.0009517766497462166
20251217_184957,komanda,HMB_6,Inserted-only,0.5,0.01,0.02,1.8,6304,6298,0.0009517766497462166
20251217_184957,komanda,HMB_6,Inserted-only,0.5,0.01,0.02,1.9,6304,6299,0.0007931472081218471
20251217_184957,komanda,HMB_6,Inserted-only,0.5,0.01,0.02,2.0,6304,6299,0.0007931472081218471
20251217_184957,komanda,HMB_6,Upsampled,0.5,0.01,0.02,0.0,6304,6302,0.00031725888324873885
20251217_184957,komanda,HMB_6,Upsampled,0.5,0.01,0.02,0.1,6304,6303,0.00015862944162436943
20251217_184957,komanda,HMB_6,Upsampled,0.5,0.01,0.02,0.2,6304,6303,0.00015862944162436943
20251217_184957,komanda,HMB_6,Upsampled,0.5,0.01,0.02,0.3,6304,6303,0.00015862944162436943
20251217_184957,komanda,HMB_6,Upsampled,0.5,0.01,0.02,0.4,6304,6303,0.00015862944162436943
20251217_184957,komanda,HMB_6,Upsampled,0.5,0.01,0.02,0.5,6304,6303,0.00015862944162436943
20251217_184957,komanda,HMB_6,Upsampled,0.5,0.01,0.02,0.6,6304,6303,0.00015862944162436943
20251217_184957,komanda,HMB_6,Upsampled,0.5,0.01,0.02,0.7,6304,6303,0.00015862944162436943
20251217_184957,komanda,HMB_6,Upsampled,0.5,0.01,0.02,0.8,6304,6303,0.00015862944162436943
20251217_184957,komanda,HMB_6,Upsampled,0.5,0.01,0.02,0.9,6304,6303,0.00015862944162436943
20251217_184957,komanda,HMB_6,Upsampled,0.5,0.01,0.02,1.0,6304,6303,0.00015862944162436943
20251217_184957,komanda,HMB_6,Upsampled,0.5,0.01,0.02,1.1,6304,6303,0.00015862944162436943
20251217_184957,komanda,HMB_6,Upsampled,0.5,0.01,0.02,1.2,6304,6303,0.00015862944162436943
20251217_184957,komanda,HMB_6,Upsampled,0.5,0.01,0.02,1.3,6304,6303,0.00015862944162436943
20251217_184957,komanda,HMB_6,Upsampled,0.5,0.01,0.02,1.4,6304,6303,0.00015862944162436943
20251217_184957,komanda,HMB_6,Upsampled,0.5,0.01,0.02,1.5,6304,6304,0.0
20251217_184957,komanda,HMB_6,Upsampled,0.5,0.01,0.02,1.6,6304,6304,0.0
20251217_184957,komanda,HMB_6,Upsampled,0.5,0.01,0.02,1.7,6304,6304,0.0
20251217_184957,komanda,HMB_6,Upsampled,0.5,0.01,0.02,1.8,6304,6304,0.0
20251217_184957,komanda,HMB_6,Upsampled,0.5,0.01,0.02,1.9,6304,6304,0.0
20251217_184957,komanda,HMB_6,Upsampled,0.5,0.01,0.02,2.0,6304,6304,0.0
20251217_184957,rambo,HMB_1,Mixed-stream,0.5,0.01,0.02,0.0,4399,591,0.8656512843828142
20251217_184957,rambo,HMB_1,Mixed-stream,0.5,0.01,0.02,0.1,4399,795,0.8192771084337349
20251217_184957,rambo,HMB_1,Mixed-stream,0.5,0.01,0.02,0.2,4399,1008,0.7708570129574903
20251217_184957,rambo,HMB_1,Mixed-stream,0.5,0.01,0.02,0.3,4399,1229,0.7206183223459877
20251217_184957,rambo,HMB_1,Mixed-stream,0.5,0.01,0.02,0.4,4399,1433,0.6742441463969084
20251217_184957,rambo,HMB_1,Mixed-stream,0.5,0.01,0.02,0.5,4399,1612,0.6335530802455103
20251217_184957,rambo,HMB_1,Mixed-stream,0.5,0.01,0.02,0.6,4399,1750,0.6021823141623096
20251217_184957,rambo,HMB_1,Mixed-stream,0.5,0.01,0.02,0.7,4399,1838,0.5821777676744715
20251217_184957,rambo,HMB_1,Mixed-stream,0.5,0.01,0.02,0.8,4399,1890,0.5703568992952943
20251217_184957,rambo,HMB_1,Mixed-stream,0.5,0.01,0.02,0.9,4399,1913,0.5651284382814277
20251217_184957,rambo,HMB_1,Mixed-stream,0.5,0.01,0.02,1.0,4399,1936,0.5598999772675608
20251217_184957,rambo,HMB_1,Mixed-stream,0.5,0.01,0.02,1.1,4399,1953,0.5560354626051376
20251217_184957,rambo,HMB_1,Mixed-stream,0.5,0.01,0.02,1.2,4399,1962,0.5539895430779722
20251217_184957,rambo,HMB_1,Mixed-stream,0.5,0.01,0.02,1.3,4399,1975,0.551034325983178
20251217_184957,rambo,HMB_1,Mixed-stream,0.5,0.01,0.02,1.4,4399,1980,0.5498977040236417
20251217_184957,rambo,HMB_1,Mixed-stream,0.5,0.01,0.02,1.5,4399,1984,0.5489884064560127
20251217_184957,rambo,HMB_1,Mixed-stream,0.5,0.01,0.02,1.6,4399,1988,0.5480791088883837
20251217_184957,rambo,HMB_1,Mixed-stream,0.5,0.01,0.02,1.7,4399,1992,0.5471698113207547
20251217_184957,rambo,HMB_1,Mixed-stream,0.5,0.01,0.02,1.8,4399,1996,0.5462605137531258
20251217_184957,rambo,HMB_1,Mixed-stream,0.5,0.01,0.02,1.9,4399,2001,0.5451238917935894
20251217_184957,rambo,HMB_1,Mixed-stream,0.5,0.01,0.02,2.0,4399,2003,0.5446692430097749
20251217_184957,rambo,HMB_1,Inserted-only,0.5,0.01,0.02,0.0,4399,1783,0.5946806092293704
20251217_184957,rambo,HMB_1,Inserted-only,0.5,0.01,0.02,0.1,4399,2249,0.488747442600591
20251217_184957,rambo,HMB_1,Inserted-only,0.5,0.01,0.02,0.2,4399,2640,0.39986360536485566
20251217_184957,rambo,HMB_1,Inserted-only,0.5,0.01,0.02,0.3,4399,2966,0.32575585360309156
20251217_184957,rambo,HMB_1,Inserted-only,0.5,0.01,0.02,0.4,4399,3221,0.2677881336667425
20251217_184957,rambo,HMB_1,Inserted-only,0.5,0.01,0.02,0.5,4399,3394,0.22846101386678785
20251217_184957,rambo,HMB_1,Inserted-only,0.5,0.01,0.02,0.6,4399,3522,0.19936349170265966
20251217_184957,rambo,HMB_1,Inserted-only,0.5,0.01,0.02,0.7,4399,3588,0.1843600818367811
20251217_184957,rambo,HMB_1,Inserted-only,0.5,0.01,0.02,0.8,4399,3647,0.1709479427142533
20251217_184957,rambo,HMB_1,Inserted-only,0.5,0.01,0.02,0.9,4399,3674,0.1648101841327575
20251217_184957,rambo,HMB_1,Inserted-only,0.5,0.01,0.02,1.0,4399,3691,0.16094566947033417
20251217_184957,rambo,HMB_1,Inserted-only,0.5,0.01,0.02,1.1,4399,3700,0.1588997499431689
20251217_184957,rambo,HMB_1,Inserted-only,0.5,0.01,0.02,1.2,4399,3714,0.15571720845646742
20251217_184957,rambo,HMB_1,Inserted-only,0.5,0.01,0.02,1.3,4399,3722,0.15389861332120935
20251217_184957,rambo,HMB_1,Inserted-only,0.5,0.01,0.02,1.4,4399,3734,0.15117072061832237
20251217_184957,rambo,HMB_1,Inserted-only,0.5,0.01,0.02,1.5,4399,3738,0.15026142305069334
20251217_184957,rambo,HMB_1,Inserted-only,0.5,0.01,0.02,1.6,4399,3743,0.1491248010911571
20251217_184957,rambo,HMB_1,Inserted-only,0.5,0.01,0.02,1.7,4399,3749,0.14776085473971357
20251217_184957,rambo,HMB_1,Inserted-only,0.5,0.01,0.02,1.8,4399,3753,0.14685155717208453
20251217_184957,rambo,HMB_1,Inserted-only,0.5,0.01,0.02,1.9,4399,3756,0.14616958399636282
20251217_184957,rambo,HMB_1,Inserted-only,0.5,0.01,0.02,2.0,4399,3759,0.1454876108206411
20251217_184957,rambo,HMB_1,Upsampled,0.5,0.01,0.02,0.0,4399,1352,0.6926574221413957
20251217_184957,rambo,HMB_1,Upsampled,0.5,0.01,0.02,0.1,4399,1681,0.61786769720391
20251217_184957,rambo,HMB_1,Upsampled,0.5,0.01,0.02,0.2,4399,1991,0.5473971357126619
20251217_184957,rambo,HMB_1,Upsampled,0.5,0.01,0.02,0.3,4399,2249,0.488747442600591
20251217_184957,rambo,HMB_1,Upsampled,0.5,0.01,0.02,0.4,4399,2481,0.4360081836781087
20251217_184957,rambo,HMB_1,Upsampled,0.5,0.01,0.02,0.5,4399,2650,0.3975903614457831
20251217_184957,rambo,HMB_1,Upsampled,0.5,0.01,0.02,0.6,4399,2801,0.3632643782677881
20251217_184957,rambo,HMB_1,Upsampled,0.5,0.01,0.02,0.7,4399,2912,0.33803137076608325
20251217_184957,rambo,HMB_1,Upsampled,0.5,0.01,0.02,0.8,4399,2989,0.3205273925892248
20251217_184957,rambo,HMB_1,Upsampled,0.5,0.01,0.02,0.9,4399,3043,0.3082518754262332
20251217_184957,rambo,HMB_1,Upsampled,0.5,0.01,0.02,1.0,4399,3082,0.29938622414185045
20251217_184957,rambo,HMB_1,Upsampled,0.5,0.01,0.02,1.1,4399,3099,0.29552170947942713
20251217_184957,rambo,HMB_1,Upsampled,0.5,0.01,0.02,1.2,4399,3126,0.28938395089793134
20251217_184957,rambo,HMB_1,Upsampled,0.5,0.01,0.02,1.3,4399,3140,0.28620140941122985
20251217_184957,rambo,HMB_1,Upsampled,0.5,0.01,0.02,1.4,4399,3158,0.2821095703568993
20251217_184957,rambo,HMB_1,Upsampled,0.5,0.01,0.02,1.5,4399,3170,0.27938167765401223
20251217_184957,rambo,HMB_1,Upsampled,0.5,0.01,0.02,1.6,4399,3184,0.27619913616731073
20251217_184957,rambo,HMB_1,Upsampled,0.5,0.01,0.02,1.7,4399,3195,0.27369856785633095
20251217_184957,rambo,HMB_1,Upsampled,0.5,0.01,0.02,1.8,4399,3200,0.2725619458967947
20251217_184957,rambo,HMB_1,Upsampled,0.5,0.01,0.02,1.9,4399,3203,0.271879972721073
20251217_184957,rambo,HMB_1,Upsampled,0.5,0.01,0.02,2.0,4399,3213,0.26960672880200043
20251217_184957,rambo,HMB_2,Mixed-stream,0.5,0.01,0.02,0.0,15734,1811,0.8848989449599594
20251217_184957,rambo,HMB_2,Mixed-stream,0.5,0.01,0.02,0.1,15734,2429,0.845620948264904
20251217_184957,rambo,HMB_2,Mixed-stream,0.5,0.01,0.02,0.2,15734,3059,0.8055802720223719
20251217_184957,rambo,HMB_2,Mixed-stream,0.5,0.01,0.02,0.3,15734,3673,0.7665565018431423
20251217_184957,rambo,HMB_2,Mixed-stream,0.5,0.01,0.02,0.4,15734,4222,0.7316639125460785
20251217_184957,rambo,HMB_2,Mixed-stream,0.5,0.01,0.02,0.5,15734,4793,0.6953730774119741
20251217_184957,rambo,HMB_2,Mixed-stream,0.5,0.01,0.02,0.6,15734,5279,0.6644845557391637
20251217_184957,rambo,HMB_2,Mixed-stream,0.5,0.01,0.02,0.7,15734,5542,0.6477691623236304
20251217_184957,rambo,HMB_2,Mixed-stream,0.5,0.01,0.02,0.8,15734,5696,0.6379814414643448
20251217_184957,rambo,HMB_2,Mixed-stream,0.5,0.01,0.02,0.9,15734,5785,0.6323249014872252
20251217_184957,rambo,HMB_2,Mixed-stream,0.5,0.01,0.02,1.0,15734,5856,0.6278123808313207
20251217_184957,rambo,HMB_2,Mixed-stream,0.5,0.01,0.02,1.1,15734,5899,0.6250794457861955
20251217_184957,rambo,HMB_2,Mixed-stream,0.5,0.01,0.02,1.2,15734,5940,0.6224736239989831
20251217_184957,rambo,HMB_2,Mixed-stream,0.5,0.01,0.02,1.3,15734,5970,0.6205669251302911
20251217_184957,rambo,HMB_2,Mixed-stream,0.5,0.01,0.02,1.4,15734,5995,0.618978009406381
20251217_184957,rambo,HMB_2,Mixed-stream,0.5,0.01,0.02,1.5,15734,6012,0.6178975467141223
20251217_184957,rambo,HMB_2,Mixed-stream,0.5,0.01,0.02,1.6,15734,6028,0.6168806406508198
20251217_184957,rambo,HMB_2,Mixed-stream,0.5,0.01,0.02,1.7,15734,6037,0.6163086309902123
20251217_184957,rambo,HMB_2,Mixed-stream,0.5,0.01,0.02,1.8,15734,6056,0.6151010550400406
20251217_184957,rambo,HMB_2,Mixed-stream,0.5,0.01,0.02,1.9,15734,6069,0.6142748188636075
20251217_184957,rambo,HMB_2,Mixed-stream,0.5,0.01,0.02,2.0,15734,6073,0.614020592347782
20251217_184957,rambo,HMB_2,Inserted-only,0.5,0.01,0.02,0.0,15734,5926,0.6233634168043727
20251217_184957,rambo,HMB_2,Inserted-only,0.5,0.01,0.02,0.1,15734,7691,0.5111859666963264
20251217_184957,rambo,HMB_2,Inserted-only,0.5,0.01,0.02,0.2,15734,9166,0.41743993898563625
20251217_184957,rambo,HMB_2,Inserted-only,0.5,0.01,0.02,0.3,15734,10258,0.3480361001652472
20251217_184957,rambo,HMB_2,Inserted-only,0.5,0.01,0.02,0.4,15734,11151,0.2912800305071819
20251217_184957,rambo,HMB_2,Inserted-only,0.5,0.01,0.02,0.5,15734,11764,0.25231981695690864
20251217_184957,rambo,HMB_2,Inserted-only,0.5,0.01,0.02,0.6,15734,12237,0.2222575314605313
20251217_184957,rambo,HMB_2,Inserted-only,0.5,0.01,0.02,0.7,15734,12541,0.20293631625778563
20251217_184957,rambo,HMB_2,Inserted-only,0.5,0.01,0.02,0.8,15734,12714,0.19194101944832842
20251217_184957,rambo,HMB_2,Inserted-only,0.5,0.01,0.02,0.9,15734,12827,0.1847591203762552
20251217_184957,rambo,HMB_2,Inserted-only,0.5,0.01,0.02,1.0,15734,12916,0.17910258039913562
20251217_184957,rambo,HMB_2,Inserted-only,0.5,0.01,0.02,1.1,15734,12969,0.17573407906444638
20251217_184957,rambo,HMB_2,Inserted-only,0.5,0.01,0.02,1.2,15734,13030,0.171857124698106
20251217_184957,rambo,HMB_2,Inserted-only,0.5,0.01,0.02,1.3,15734,13062,0.16982331257150118
20251217_184957,rambo,HMB_2,Inserted-only,0.5,0.01,0.02,1.4,15734,13094,0.16778950044489638
20251217_184957,rambo,HMB_2,Inserted-only,0.5,0.01,0.02,1.5,15734,13117,0.16632769797889924
20251217_184957,rambo,HMB_2,Inserted-only,0.5,0.01,0.02,1.6,15734,13134,0.16524723528664043
20251217_184957,rambo,HMB_2,Inserted-only,0.5,0.01,0.02,1.7,15734,13149,0.16429388585229443
20251217_184957,rambo,HMB_2,Inserted-only,0.5,0.01,0.02,1.8,15734,13160,0.16359476293377395
20251217_184957,rambo,HMB_2,Inserted-only,0.5,0.01,0.02,1.9,15734,13174,0.16270497012838436
20251217_184957,rambo,HMB_2,Inserted-only,0.5,0.01,0.02,2.0,15734,13186,0.1619422905809076
20251217_184957,rambo,HMB_2,Upsampled,0.5,0.01,0.02,0.0,15734,5297,0.6633405364179483
20251217_184957,rambo,HMB_2,Upsampled,0.5,0.01,0.02,0.1,15734,6566,0.5826871742722766
20251217_184957,rambo,HMB_2,Upsampled,0.5,0.01,0.02,0.2,15734,7697,0.5108046269225881
20251217_184957,rambo,HMB_2,Upsampled,0.5,0.01,0.02,0.3,15734,8665,0.44928181009279267
20251217_184957,rambo,HMB_2,Upsampled,0.5,0.01,0.02,0.4,15734,9493,0.39665692131689334
20251217_184957,rambo,HMB_2,Upsampled,0.5,0.01,0.02,0.5,15734,10126,0.35642557518749207
20251217_184957,rambo,HMB_2,Upsampled,0.5,0.01,0.02,0.6,15734,10632,0.3242659209355536
20251217_184957,rambo,HMB_2,Upsampled,0.5,0.01,0.02,0.7,15734,11069,0.2964916740816067
20251217_184957,rambo,HMB_2,Upsampled,0.5,0.01,0.02,0.8,15734,11380,0.2767255624761663
20251217_184957,rambo,HMB_2,Upsampled,0.5,0.01,0.02,0.9,15734,11578,0.26414134994279903
20251217_184957,rambo,HMB_2,Upsampled,0.5,0.01,0.02,1.0,15734,11708,0.255878988178467
20251217_184957,rambo,HMB_2,Upsampled,0.5,0.01,0.02,1.1,15734,11807,0.24958688191178335
20251217_184957,rambo,HMB_2,Upsampled,0.5,0.01,0.02,1.2,15734,11889,0.24437523833735864
20251217_184957,rambo,HMB_2,Upsampled,0.5,0.01,0.02,1.3,15734,11969,0.23929070802084662
20251217_184957,rambo,HMB_2,Upsampled,0.5,0.01,0.02,1.4,15734,12016,0.23630354645989582
20251217_184957,rambo,HMB_2,Upsampled,0.5,0.01,0.02,1.5,15734,12069,0.23293504512520657
20251217_184957,rambo,HMB_2,Upsampled,0.5,0.01,0.02,1.6,15734,12105,0.23064700648277614
20251217_184957,rambo,HMB_2,Upsampled,0.5,0.01,0.02,1.7,15734,12141,0.2283589678403457
20251217_184957,rambo,HMB_2,Upsampled,0.5,0.01,0.02,1.8,15734,12174,0.2262615990847845
20251217_184957,rambo,HMB_2,Upsampled,0.5,0.01,0.02,1.9,15734,12191,0.2251811363925258
20251217_184957,rambo,HMB_2,Upsampled,0.5,0.01,0.02,2.0,15734,12215,0.22365577729757213
20251217_184957,rambo,HMB_3,Mixed-stream,0.5,0.01,0.02,0.0,5277,623,0.8819404964942202
20251217_184957,rambo,HMB_3,Mixed-stream,0.5,0.01,0.02,0.1,5277,834,0.8419556566230812
20251217_184957,rambo,HMB_3,Mixed-stream,0.5,0.01,0.02,0.2,5277,1013,0.8080348682963805
20251217_184957,rambo,HMB_3,Mixed-stream,0.5,0.01,0.02,0.3,5277,1222,0.768429031646769
20251217_184957,rambo,HMB_3,Mixed-stream,0.5,0.01,0.02,0.4,5277,1406,0.7335607352662498
20251217_184957,rambo,HMB_3,Mixed-stream,0.5,0.01,0.02,0.5,5277,1597,0.6973659276103847
20251217_184957,rambo,HMB_3,Mixed-stream,0.5,0.01,0.02,0.6,5277,1745,0.6693196892173583
20251217_184957,rambo,HMB_3,Mixed-stream,0.5,0.01,0.02,0.7,5277,1865,0.6465794959257154
20251217_184957,rambo,HMB_3,Mixed-stream,0.5,0.01,0.02,0.8,5277,1916,0.6369149137767671
20251217_184957,rambo,HMB_3,Mixed-stream,0.5,0.01,0.02,0.9,5277,1958,0.628955846124692
20251217_184957,rambo,HMB_3,Mixed-stream,0.5,0.01,0.02,1.0,5277,1979,0.6249763122986545
20251217_184957,rambo,HMB_3,Mixed-stream,0.5,0.01,0.02,1.1,5277,1997,0.6215652833049081
20251217_184957,rambo,HMB_3,Mixed-stream,0.5,0.01,0.02,1.2,5277,2007,0.6196702671972711
20251217_184957,rambo,HMB_3,Mixed-stream,0.5,0.01,0.02,1.3,5277,2023,0.6166382414250522
20251217_184957,rambo,HMB_3,Mixed-stream,0.5,0.01,0.02,1.4,5277,2037,0.6139852188743604
20251217_184957,rambo,HMB_3,Mixed-stream,0.5,0.01,0.02,1.5,5277,2044,0.6126587075990146
20251217_184957,rambo,HMB_3,Mixed-stream,0.5,0.01,0.02,1.6,5277,2048,0.6119007011559598
20251217_184957,rambo,HMB_3,Mixed-stream,0.5,0.01,0.02,1.7,5277,2050,0.6115216979344325
20251217_184957,rambo,HMB_3,Mixed-stream,0.5,0.01,0.02,1.8,5277,2054,0.6107636914913777
20251217_184957,rambo,HMB_3,Mixed-stream,0.5,0.01,0.02,1.9,5277,2059,0.6098161834375593
20251217_184957,rambo,HMB_3,Mixed-stream,0.5,0.01,0.02,2.0,5277,2066,0.6084896721622134
20251217_184957,rambo,HMB_3,Inserted-only,0.5,0.01,0.02,0.0,5277,2107,0.600720106120902
20251217_184957,rambo,HMB_3,Inserted-only,0.5,0.01,0.02,0.1,5277,2741,0.48057608489672166
20251217_184957,rambo,HMB_3,Inserted-only,0.5,0.01,0.02,0.2,5277,3219,0.38999431495167713
20251217_184957,rambo,HMB_3,Inserted-only,0.5,0.01,0.02,0.3,5277,3567,0.3240477544059125
20251217_184957,rambo,HMB_3,Inserted-only,0.5,0.01,0.02,0.4,5277,3838,0.27269281788895205
20251217_184957,rambo,HMB_3,Inserted-only,0.5,0.01,0.02,0.5,5277,4045,0.23346598446086797
20251217_184957,rambo,HMB_3,Inserted-only,0.5,0.01,0.02,0.6,5277,4193,0.20541974606784152
20251217_184957,rambo,HMB_3,Inserted-only,0.5,0.01,0.02,0.7,5277,4290,0.18703808982376346
20251217_184957,rambo,HMB_3,Inserted-only,0.5,0.01,0.02,0.8,5277,4364,0.17301497062725035
20251217_184957,rambo,HMB_3,Inserted-only,0.5,0.01,0.02,0.9,5277,4404,0.16543490619670265
20251217_184957,rambo,HMB_3,Inserted-only,0.5,0.01,0.02,1.0,5277,4427,0.1610763691491378
20251217_184957,rambo,HMB_3,Inserted-only,0.5,0.01,0.02,1.1,5277,4453,0.15614932726928177
20251217_184957,rambo,HMB_3,Inserted-only,0.5,0.01,0.02,1.2,5277,4475,0.15198029183248063
20251217_184957,rambo,HMB_3,Inserted-only,0.5,0.01,0.02,1.3,5277,4483,0.15046427894637104
20251217_184957,rambo,HMB_3,Inserted-only,0.5,0.01,0.02,1.4,5277,4493,0.14856926283873417
20251217_184957,rambo,HMB_3,Inserted-only,0.5,0.01,0.02,1.5,5277,4502,0.1468637483418609
20251217_184957,rambo,HMB_3,Inserted-only,0.5,0.01,0.02,1.6,5277,4512,0.14496873223422402
20251217_184957,rambo,HMB_3,Inserted-only,0.5,0.01,0.02,1.7,5277,4520,0.14345271934811443
20251217_184957,rambo,HMB_3,Inserted-only,0.5,0.01,0.02,1.8,5277,4533,0.14098919840818647
20251217_184957,rambo,HMB_3,Inserted-only,0.5,0.01,0.02,1.9,5277,4536,0.14042069357589537
20251217_184957,rambo,HMB_3,Inserted-only,0.5,0.01,0.02,2.0,5277,4543,0.1390941823005496
20251217_184957,rambo,HMB_3,Upsampled,0.5,0.01,0.02,0.0,5277,2074,0.6069736592761039
20251217_184957,rambo,HMB_3,Upsampled,0.5,0.01,0.02,0.1,5277,2536,0.5194239151032785
20251217_184957,rambo,HMB_3,Upsampled,0.5,0.01,0.02,0.2,5277,2939,0.44305476596551074
20251217_184957,rambo,HMB_3,Upsampled,0.5,0.01,0.02,0.3,5277,3254,0.3833617585749479
20251217_184957,rambo,HMB_3,Upsampled,0.5,0.01,0.02,0.4,5277,3517,0.33352283494409707
20251217_184957,rambo,HMB_3,Upsampled,0.5,0.01,0.02,0.5,5277,3736,0.2920219821868486
20251217_184957,rambo,HMB_3,Upsampled,0.5,0.01,0.02,0.6,5277,3911,0.25885920030320253
20251217_184957,rambo,HMB_3,Upsampled,0.5,0.01,0.02,0.7,5277,4040,0.23441349251468635
20251217_184957,rambo,HMB_3,Upsampled,0.5,0.01,0.02,0.8,5277,4124,0.21849535721053626
20251217_184957,rambo,HMB_3,Upsampled,0.5,0.01,0.02,0.9,5277,4192,0.20560924767860522
20251217_184957,rambo,HMB_3,Upsampled,0.5,0.01,0.02,1.0,5277,4242,0.19613416714042065
20251217_184957,rambo,HMB_3,Upsampled,0.5,0.01,0.02,1.1,5277,4277,0.18950161076369154
20251217_184957,rambo,HMB_3,Upsampled,0.5,0.01,0.02,1.2,5277,4305,0.1841955656623081
20251217_184957,rambo,HMB_3,Upsampled,0.5,0.01,0.02,1.3,5277,4328,0.17983702861474327
20251217_184957,rambo,HMB_3,Upsampled,0.5,0.01,0.02,1.4,5277,4353,0.17509948834565092
20251217_184957,rambo,HMB_3,Upsampled,0.5,0.01,0.02,1.5,5277,4367,0.17244646579495926
20251217_184957,rambo,HMB_3,Upsampled,0.5,0.01,0.02,1.6,5277,4382,0.1696039416335039
20251217_184957,rambo,HMB_3,Upsampled,0.5,0.01,0.02,1.7,5277,4399,0.16638241425052114
20251217_184957,rambo,HMB_3,Upsampled,0.5,0.01,0.02,1.8,5277,4407,0.16486640136441155
20251217_184957,rambo,HMB_3,Upsampled,0.5,0.01,0.02,1.9,5277,4418,0.16278188364601098
20251217_184957,rambo,HMB_3,Upsampled,0.5,0.01,0.02,2.0,5277,4426,0.1612658707599015
20251217_184957,rambo,HMB_4,Mixed-stream,0.5,0.01,0.02,0.0,1972,250,0.8732251521298174
20251217_184957,rambo,HMB_4,Mixed-stream,0.5,0.01,0.02,0.1,1972,306,0.8448275862068966
20251217_184957,rambo,HMB_4,Mixed-stream,0.5,0.01,0.02,0.2,1972,376,0.8093306288032455
20251217_184957,rambo,HMB_4,Mixed-stream,0.5,0.01,0.02,0.3,1972,433,0.7804259634888439
20251217_184957,rambo,HMB_4,Mixed-stream,0.5,0.01,0.02,0.4,1972,484,0.7545638945233266
20251217_184957,rambo,HMB_4,Mixed-stream,0.5,0.01,0.02,0.5,1972,527,0.7327586206896552
20251217_184957,rambo,HMB_4,Mixed-stream,0.5,0.01,0.02,0.6,1972,562,0.7150101419878296
20251217_184957,rambo,HMB_4,Mixed-stream,0.5,0.01,0.02,0.7,1972,591,0.7003042596348885
20251217_184957,rambo,HMB_4,Mixed-stream,0.5,0.01,0.02,0.8,1972,604,0.6937119675456389
20251217_184957,rambo,HMB_4,Mixed-stream,0.5,0.01,0.02,0.9,1972,614,0.6886409736308317
20251217_184957,rambo,HMB_4,Mixed-stream,0.5,0.01,0.02,1.0,1972,619,0.686105476673428
20251217_184957,rambo,HMB_4,Mixed-stream,0.5,0.01,0.02,1.1,1972,628,0.6815415821501014
20251217_184957,rambo,HMB_4,Mixed-stream,0.5,0.01,0.02,1.2,1972,631,0.6800202839756593
20251217_184957,rambo,HMB_4,Mixed-stream,0.5,0.01,0.02,1.3,1972,635,0.6779918864097363
20251217_184957,rambo,HMB_4,Mixed-stream,0.5,0.01,0.02,1.4,1972,638,0.6764705882352942
20251217_184957,rambo,HMB_4,Mixed-stream,0.5,0.01,0.02,1.5,1972,641,0.6749492900608519
20251217_184957,rambo,HMB_4,Mixed-stream,0.5,0.01,0.02,1.6,1972,642,0.6744421906693712
20251217_184957,rambo,HMB_4,Mixed-stream,0.5,0.01,0.02,1.7,1972,643,0.6739350912778905
20251217_184957,rambo,HMB_4,Mixed-stream,0.5,0.01,0.02,1.8,1972,646,0.6724137931034483
20251217_184957,rambo,HMB_4,Mixed-stream,0.5,0.01,0.02,1.9,1972,647,0.6719066937119675
20251217_184957,rambo,HMB_4,Mixed-stream,0.5,0.01,0.02,2.0,1972,648,0.6713995943204868
20251217_184957,rambo,HMB_4,Inserted-only,0.5,0.01,0.02,0.0,1972,915,0.5360040567951319
20251217_184957,rambo,HMB_4,Inserted-only,0.5,0.01,0.02,0.1,1972,1119,0.4325557809330629
20251217_184957,rambo,HMB_4,Inserted-only,0.5,0.01,0.02,0.2,1972,1264,0.35902636916835695
20251217_184957,rambo,HMB_4,Inserted-only,0.5,0.01,0.02,0.3,1972,1389,0.2956389452332657
20251217_184957,rambo,HMB_4,Inserted-only,0.5,0.01,0.02,0.4,1972,1472,0.2535496957403651
20251217_184957,rambo,HMB_4,Inserted-only,0.5,0.01,0.02,0.5,1972,1538,0.2200811359026369
20251217_184957,rambo,HMB_4,Inserted-only,0.5,0.01,0.02,0.6,1972,1597,0.19016227180527379
20251217_184957,rambo,HMB_4,Inserted-only,0.5,0.01,0.02,0.7,1972,1632,0.1724137931034483
20251217_184957,rambo,HMB_4,Inserted-only,0.5,0.01,0.02,0.8,1972,1660,0.1582150101419878
20251217_184957,rambo,HMB_4,Inserted-only,0.5,0.01,0.02,0.9,1972,1675,0.15060851926977692
20251217_184957,rambo,HMB_4,Inserted-only,0.5,0.01,0.02,1.0,1972,1689,0.14350912778904668
20251217_184957,rambo,HMB_4,Inserted-only,0.5,0.01,0.02,1.1,1972,1704,0.13590263691683568
20251217_184957,rambo,HMB_4,Inserted-only,0.5,0.01,0.02,1.2,1972,1708,0.1338742393509128
20251217_184957,rambo,HMB_4,Inserted-only,0.5,0.01,0.02,1.3,1972,1717,0.1293103448275862
20251217_184957,rambo,HMB_4,Inserted-only,0.5,0.01,0.02,1.4,1972,1723,0.1262677484787018
20251217_184957,rambo,HMB_4,Inserted-only,0.5,0.01,0.02,1.5,1972,1725,0.12525354969574032
20251217_184957,rambo,HMB_4,Inserted-only,0.5,0.01,0.02,1.6,1972,1728,0.12373225152129819
20251217_184957,rambo,HMB_4,Inserted-only,0.5,0.01,0.02,1.7,1972,1732,0.12170385395537531
20251217_184957,rambo,HMB_4,Inserted-only,0.5,0.01,0.02,1.8,1972,1733,0.12119675456389456
20251217_184957,rambo,HMB_4,Inserted-only,0.5,0.01,0.02,1.9,1972,1733,0.12119675456389456
20251217_184957,rambo,HMB_4,Inserted-only,0.5,0.01,0.02,2.0,1972,1735,0.12018255578093306
20251217_184957,rambo,HMB_4,Upsampled,0.5,0.01,0.02,0.0,1972,793,0.597870182555781
20251217_184957,rambo,HMB_4,Upsampled,0.5,0.01,0.02,0.1,1972,960,0.513184584178499
20251217_184957,rambo,HMB_4,Upsampled,0.5,0.01,0.02,0.2,1972,1096,0.44421906693711966
20251217_184957,rambo,HMB_4,Upsampled,0.5,0.01,0.02,0.3,1972,1196,0.3935091277890467
20251217_184957,rambo,HMB_4,Upsampled,0.5,0.01,0.02,0.4,1972,1292,0.3448275862068966
20251217_184957,rambo,HMB_4,Upsampled,0.5,0.01,0.02,0.5,1972,1363,0.3088235294117647
20251217_184957,rambo,HMB_4,Upsampled,0.5,0.01,0.02,0.6,1972,1443,0.26825557809330625
20251217_184957,rambo,HMB_4,Upsampled,0.5,0.01,0.02,0.7,1972,1491,0.24391480730223125
20251217_184957,rambo,HMB_4,Upsampled,0.5,0.01,0.02,0.8,1972,1523,0.22768762677484788
20251217_184957,rambo,HMB_4,Upsampled,0.5,0.01,0.02,0.9,1972,1549,0.2145030425963489
20251217_184957,rambo,HMB_4,Upsampled,0.5,0.01,0.02,1.0,1972,1570,0.20385395537525353
20251217_184957,rambo,HMB_4,Upsampled,0.5,0.01,0.02,1.1,1972,1579,0.19929006085192702
20251217_184957,rambo,HMB_4,Upsampled,0.5,0.01,0.02,1.2,1972,1588,0.1947261663286004
20251217_184957,rambo,HMB_4,Upsampled,0.5,0.01,0.02,1.3,1972,1595,0.19117647058823528
20251217_184957,rambo,HMB_4,Upsampled,0.5,0.01,0.02,1.4,1972,1602,0.18762677484787016
20251217_184957,rambo,HMB_4,Upsampled,0.5,0.01,0.02,1.5,1972,1609,0.18407707910750504
20251217_184957,rambo,HMB_4,Upsampled,0.5,0.01,0.02,1.6,1972,1613,0.18204868154158216
20251217_184957,rambo,HMB_4,Upsampled,0.5,0.01,0.02,1.7,1972,1617,0.18002028397565928
20251217_184957,rambo,HMB_4,Upsampled,0.5,0.01,0.02,1.8,1972,1619,0.17900608519269778
20251217_184957,rambo,HMB_4,Upsampled,0.5,0.01,0.02,1.9,1972,1629,0.17393509127789042
20251217_184957,rambo,HMB_4,Upsampled,0.5,0.01,0.02,2.0,1972,1630,0.17342799188640978
20251217_184957,rambo,HMB_5,Mixed-stream,0.5,0.01,0.02,0.0,4233,259,0.9388140798488069
20251217_184957,rambo,HMB_5,Mixed-stream,0.5,0.01,0.02,0.1,4233,379,0.9104653909756674
20251217_184957,rambo,HMB_5,Mixed-stream,0.5,0.01,0.02,0.2,4233,504,0.8809355067328136
20251217_184957,rambo,HMB_5,Mixed-stream,0.5,0.01,0.02,0.3,4233,618,0.854004252303331
20251217_184957,rambo,HMB_5,Mixed-stream,0.5,0.01,0.02,0.4,4233,721,0.8296716276872195
20251217_184957,rambo,HMB_5,Mixed-stream,0.5,0.01,0.02,0.5,4233,818,0.8067564375147649
20251217_184957,rambo,HMB_5,Mixed-stream,0.5,0.01,0.02,0.6,4233,901,0.7871485943775101
20251217_184957,rambo,HMB_5,Mixed-stream,0.5,0.01,0.02,0.7,4233,938,0.7784077486416253
20251217_184957,rambo,HMB_5,Mixed-stream,0.5,0.01,0.02,0.8,4233,959,0.7734467280888259
20251217_184957,rambo,HMB_5,Mixed-stream,0.5,0.01,0.02,0.9,4233,969,0.7710843373493976
20251217_184957,rambo,HMB_5,Mixed-stream,0.5,0.01,0.02,1.0,4233,974,0.7699031419796835
20251217_184957,rambo,HMB_5,Mixed-stream,0.5,0.01,0.02,1.1,4233,978,0.768958185683912
20251217_184957,rambo,HMB_5,Mixed-stream,0.5,0.01,0.02,1.2,4233,981,0.7682494684620836
20251217_184957,rambo,HMB_5,Mixed-stream,0.5,0.01,0.02,1.3,4233,983,0.767776990314198
20251217_184957,rambo,HMB_5,Mixed-stream,0.5,0.01,0.02,1.4,4233,985,0.7673045121663123
20251217_184957,rambo,HMB_5,Mixed-stream,0.5,0.01,0.02,1.5,4233,986,0.7670682730923695
20251217_184957,rambo,HMB_5,Mixed-stream,0.5,0.01,0.02,1.6,4233,987,0.7668320340184267
20251217_184957,rambo,HMB_5,Mixed-stream,0.5,0.01,0.02,1.7,4233,989,0.7663595558705409
20251217_184957,rambo,HMB_5,Mixed-stream,0.5,0.01,0.02,1.8,4233,990,0.7661233167965982
20251217_184957,rambo,HMB_5,Mixed-stream,0.5,0.01,0.02,1.9,4233,990,0.7661233167965982
20251217_184957,rambo,HMB_5,Mixed-stream,0.5,0.01,0.02,2.0,4233,990,0.7661233167965982
20251217_184957,rambo,HMB_5,Inserted-only,0.5,0.01,0.02,0.0,4233,1189,0.719111741081975
20251217_184957,rambo,HMB_5,Inserted-only,0.5,0.01,0.02,0.1,4233,1697,0.5991022915190172
20251217_184957,rambo,HMB_5,Inserted-only,0.5,0.01,0.02,0.2,4233,2151,0.4918497519489724
20251217_184957,rambo,HMB_5,Inserted-only,0.5,0.01,0.02,0.3,4233,2469,0.4167257264351524
20251217_184957,rambo,HMB_5,Inserted-only,0.5,0.01,0.02,0.4,4233,2744,0.35175998110087403
20251217_184957,rambo,HMB_5,Inserted-only,0.5,0.01,0.02,0.5,4233,2960,0.30073234112922276
20251217_184957,rambo,HMB_5,Inserted-only,0.5,0.01,0.02,0.6,4233,3086,0.27096621781242614
20251217_184957,rambo,HMB_5,Inserted-only,0.5,0.01,0.02,0.7,4233,3173,0.2504134183793999
20251217_184957,rambo,HMB_5,Inserted-only,0.5,0.01,0.02,0.8,4233,3221,0.23907394283014416
20251217_184957,rambo,HMB_5,Inserted-only,0.5,0.01,0.02,0.9,4233,3252,0.23175053153791636
20251217_184957,rambo,HMB_5,Inserted-only,0.5,0.01,0.02,1.0,4233,3276,0.2260807937632885
20251217_184957,rambo,HMB_5,Inserted-only,0.5,0.01,0.02,1.1,4233,3292,0.2223009685802032
20251217_184957,rambo,HMB_5,Inserted-only,0.5,0.01,0.02,1.2,4233,3299,0.2206472950626034
20251217_184957,rambo,HMB_5,Inserted-only,0.5,0.01,0.02,1.3,4233,3307,0.2187573824710607
20251217_184957,rambo,HMB_5,Inserted-only,0.5,0.01,0.02,1.4,4233,3310,0.21804866524923228
20251217_184957,rambo,HMB_5,Inserted-only,0.5,0.01,0.02,1.5,4233,3317,0.21639499173163246
20251217_184957,rambo,HMB_5,Inserted-only,0.5,0.01,0.02,1.6,4233,3322,0.21521379636191829
20251217_184957,rambo,HMB_5,Inserted-only,0.5,0.01,0.02,1.7,4233,3326,0.214268840066147
20251217_184957,rambo,HMB_5,Inserted-only,0.5,0.01,0.02,1.8,4233,3330,0.2133238837703756
20251217_184957,rambo,HMB_5,Inserted-only,0.5,0.01,0.02,1.9,4233,3336,0.21190644932671865
20251217_184957,rambo,HMB_5,Inserted-only,0.5,0.01,0.02,2.0,4233,3339,0.21119773210489012
20251217_184957,rambo,HMB_5,Upsampled,0.5,0.01,0.02,0.0,4233,1339,0.6836758799905505
20251217_184957,rambo,HMB_5,Upsampled,0.5,0.01,0.02,0.1,4233,1756,0.5851641861563903
20251217_184957,rambo,HMB_5,Upsampled,0.5,0.01,0.02,0.2,4233,2133,0.49610205527994333
20251217_184957,rambo,HMB_5,Upsampled,0.5,0.01,0.02,0.3,4233,2383,0.43704228679423573
20251217_184957,rambo,HMB_5,Upsampled,0.5,0.01,0.02,0.4,4233,2618,0.38152610441767065
20251217_184957,rambo,HMB_5,Upsampled,0.5,0.01,0.02,0.5,4233,2841,0.32884479092841956
20251217_184957,rambo,HMB_5,Upsampled,0.5,0.01,0.02,0.6,4233,2997,0.291991495393338
20251217_184957,rambo,HMB_5,Upsampled,0.5,0.01,0.02,0.7,4233,3092,0.2695487833687692
20251217_184957,rambo,HMB_5,Upsampled,0.5,0.01,0.02,0.8,4233,3153,0.2551381998582566
20251217_184957,rambo,HMB_5,Upsampled,0.5,0.01,0.02,0.9,4233,3197,0.24474368060477203
20251217_184957,rambo,HMB_5,Upsampled,0.5,0.01,0.02,1.0,4233,3223,0.2386014646822584
20251217_184957,rambo,HMB_5,Upsampled,0.5,0.01,0.02,1.1,4233,3249,0.23245924875974489
20251217_184957,rambo,HMB_5,Upsampled,0.5,0.01,0.02,1.2,4233,3264,0.22891566265060237
20251217_184957,rambo,HMB_5,Upsampled,0.5,0.01,0.02,1.3,4233,3281,0.22489959839357432
20251217_184957,rambo,HMB_5,Upsampled,0.5,0.01,0.02,1.4,4233,3291,0.22253720765414597
20251217_184957,rambo,HMB_5,Upsampled,0.5,0.01,0.02,1.5,4233,3301,0.22017481691471774
20251217_184957,rambo,HMB_5,Upsampled,0.5,0.01,0.02,1.6,4233,3309,0.21828490432317504
20251217_184957,rambo,HMB_5,Upsampled,0.5,0.01,0.02,1.7,4233,3315,0.2168674698795181
20251217_184957,rambo,HMB_5,Upsampled,0.5,0.01,0.02,1.8,4233,3321,0.21545003543586105
20251217_184957,rambo,HMB_5,Upsampled,0.5,0.01,0.02,1.9,4233,3325,0.21450507914008976
20251217_184957,rambo,HMB_5,Upsampled,0.5,0.01,0.02,2.0,4233,3327,0.21403260099220411
20251217_184957,rambo,HMB_6,Mixed-stream,0.5,0.01,0.02,0.0,6304,1337,0.7879124365482233
20251217_184957,rambo,HMB_6,Mixed-stream,0.5,0.01,0.02,0.1,6304,1620,0.743020304568528
20251217_184957,rambo,HMB_6,Mixed-stream,0.5,0.01,0.02,0.2,6304,1892,0.6998730964467005
20251217_184957,rambo,HMB_6,Mixed-stream,0.5,0.01,0.02,0.3,6304,2155,0.6581535532994924
20251217_184957,rambo,HMB_6,Mixed-stream,0.5,0.01,0.02,0.4,6304,2453,0.6108819796954315
20251217_184957,rambo,HMB_6,Mixed-stream,0.5,0.01,0.02,0.5,6304,2699,0.5718591370558376
20251217_184957,rambo,HMB_6,Mixed-stream,0.5,0.01,0.02,0.6,6304,2897,0.5404505076142132
20251217_184957,rambo,HMB_6,Mixed-stream,0.5,0.01,0.02,0.7,6304,3063,0.5141180203045685
20251217_184957,rambo,HMB_6,Mixed-stream,0.5,0.01,0.02,0.8,6304,3177,0.4960342639593909
20251217_184957,rambo,HMB_6,Mixed-stream,0.5,0.01,0.02,0.9,6304,3280,0.47969543147208127
20251217_184957,rambo,HMB_6,Mixed-stream,0.5,0.01,0.02,1.0,6304,3356,0.4676395939086294
20251217_184957,rambo,HMB_6,Mixed-stream,0.5,0.01,0.02,1.1,6304,3408,0.4593908629441624
20251217_184957,rambo,HMB_6,Mixed-stream,0.5,0.01,0.02,1.2,6304,3453,0.452252538071066
20251217_184957,rambo,HMB_6,Mixed-stream,0.5,0.01,0.02,1.3,6304,3480,0.44796954314720816
20251217_184957,rambo,HMB_6,Mixed-stream,0.5,0.01,0.02,1.4,6304,3499,0.44495558375634514
20251217_184957,rambo,HMB_6,Mixed-stream,0.5,0.01,0.02,1.5,6304,3522,0.44130710659898476
20251217_184957,rambo,HMB_6,Mixed-stream,0.5,0.01,0.02,1.6,6304,3540,0.4384517766497462
20251217_184957,rambo,HMB_6,Mixed-stream,0.5,0.01,0.02,1.7,6304,3557,0.43575507614213194
20251217_184957,rambo,HMB_6,Mixed-stream,0.5,0.01,0.02,1.8,6304,3569,0.4338515228426396
20251217_184957,rambo,HMB_6,Mixed-stream,0.5,0.01,0.02,1.9,6304,3585,0.4313134517766497
20251217_184957,rambo,HMB_6,Mixed-stream,0.5,0.01,0.02,2.0,6304,3593,0.43004441624365486
20251217_184957,rambo,HMB_6,Inserted-only,0.5,0.01,0.02,0.0,6304,4178,0.33724619289340096
20251217_184957,rambo,HMB_6,Inserted-only,0.5,0.01,0.02,0.1,6304,4661,0.26062817258883253
20251217_184957,rambo,HMB_6,Inserted-only,0.5,0.01,0.02,0.2,6304,5073,0.19527284263959388
20251217_184957,rambo,HMB_6,Inserted-only,0.5,0.01,0.02,0.3,6304,5328,0.15482233502538068
20251217_184957,rambo,HMB_6,Inserted-only,0.5,0.01,0.02,0.4,6304,5485,0.12991751269035534
20251217_184957,rambo,HMB_6,Inserted-only,0.5,0.01,0.02,0.5,6304,5634,0.10628172588832485
20251217_184957,rambo,HMB_6,Inserted-only,0.5,0.01,0.02,0.6,6304,5714,0.09359137055837563
20251217_184957,rambo,HMB_6,Inserted-only,0.5,0.01,0.02,0.7,6304,5761,0.08613578680203049
20251217_184957,rambo,HMB_6,Inserted-only,0.5,0.01,0.02,0.8,6304,5819,0.07693527918781728
20251217_184957,rambo,HMB_6,Inserted-only,0.5,0.01,0.02,0.9,6304,5852,0.0717005076142132
20251217_184957,rambo,HMB_6,Inserted-only,0.5,0.01,0.02,1.0,6304,5876,0.06789340101522845
20251217_184957,rambo,HMB_6,Inserted-only,0.5,0.01,0.02,1.1,6304,5901,0.06392766497461932
20251217_184957,rambo,HMB_6,Inserted-only,0.5,0.01,0.02,1.2,6304,5924,0.06027918781725883
20251217_184957,rambo,HMB_6,Inserted-only,0.5,0.01,0.02,1.3,6304,5932,0.059010152284263984
20251217_184957,rambo,HMB_6,Inserted-only,0.5,0.01,0.02,1.4,6304,5946,0.05678934010152281
20251217_184957,rambo,HMB_6,Inserted-only,0.5,0.01,0.02,1.5,6304,5955,0.0553616751269036
20251217_184957,rambo,HMB_6,Inserted-only,0.5,0.01,0.02,1.6,6304,5962,0.05425126903553301
20251217_184957,rambo,HMB_6,Inserted-only,0.5,0.01,0.02,1.7,6304,5968,0.053299492385786795
20251217_184957,rambo,HMB_6,Inserted-only,0.5,0.01,0.02,1.8,6304,5972,0.05266497461928932
20251217_184957,rambo,HMB_6,Inserted-only,0.5,0.01,0.02,1.9,6304,5976,0.05203045685279184
20251217_184957,rambo,HMB_6,Inserted-only,0.5,0.01,0.02,2.0,6304,5980,0.05139593908629436
20251217_184957,rambo,HMB_6,Upsampled,0.5,0.01,0.02,0.0,6304,2940,0.5336294416243654
20251217_184957,rambo,HMB_6,Upsampled,0.5,0.01,0.02,0.1,6304,3358,0.4673223350253807
20251217_184957,rambo,HMB_6,Upsampled,0.5,0.01,0.02,0.2,6304,3713,0.41100888324873097
20251217_184957,rambo,HMB_6,Upsampled,0.5,0.01,0.02,0.3,6304,3993,0.36659263959390864
20251217_184957,rambo,HMB_6,Upsampled,0.5,0.01,0.02,0.4,6304,4214,0.3315355329949239
20251217_184957,rambo,HMB_6,Upsampled,0.5,0.01,0.02,0.5,6304,4403,0.30155456852791873
20251217_184957,rambo,HMB_6,Upsampled,0.5,0.01,0.02,0.6,6304,4566,0.2756979695431472
20251217_184957,rambo,HMB_6,Upsampled,0.5,0.01,0.02,0.7,6304,4712,0.2525380710659898
20251217_184957,rambo,HMB_6,Upsampled,0.5,0.01,0.02,0.8,6304,4829,0.23397842639593913
20251217_184957,rambo,HMB_6,Upsampled,0.5,0.01,0.02,0.9,6304,4904,0.22208121827411165
20251217_184957,rambo,HMB_6,Upsampled,0.5,0.01,0.02,1.0,6304,4971,0.21145304568527923
20251217_184957,rambo,HMB_6,Upsampled,0.5,0.01,0.02,1.1,6304,5012,0.2049492385786802
20251217_184957,rambo,HMB_6,Upsampled,0.5,0.01,0.02,1.2,6304,5054,0.1982868020304569
20251217_184957,rambo,HMB_6,Upsampled,0.5,0.01,0.02,1.3,6304,5088,0.19289340101522845
20251217_184957,rambo,HMB_6,Upsampled,0.5,0.01,0.02,1.4,6304,5115,0.18861040609137059
20251217_184957,rambo,HMB_6,Upsampled,0.5,0.01,0.02,1.5,6304,5136,0.18527918781725883
20251217_184957,rambo,HMB_6,Upsampled,0.5,0.01,0.02,1.6,6304,5166,0.18052030456852797
20251217_184957,rambo,HMB_6,Upsampled,0.5,0.01,0.02,1.7,6304,5184,0.17766497461928932
20251217_184957,rambo,HMB_6,Upsampled,0.5,0.01,0.02,1.8,6304,5202,0.17480964467005078
20251217_184957,rambo,HMB_6,Upsampled,0.5,0.01,0.02,1.9,6304,5218,0.17227157360406087
20251217_184957,rambo,HMB_6,Upsampled,0.5,0.01,0.02,2.0,6304,5228,0.17068527918781728
20251217_184957,autumn,ALL,Inserted-only,0.5,0.01,0.02,0.0,37919,31165,0.17811651151137953
20251217_184957,autumn,ALL,Inserted-only,0.5,0.01,0.02,0.1,37919,32631,0.13945515440808043
20251217_184957,autumn,ALL,Inserted-only,0.5,0.01,0.02,0.2,37919,33736,0.11031409056145991
20251217_184957,autumn,ALL,Inserted-only,0.5,0.01,0.02,0.3,37919,34442,0.09169545610380025
20251217_184957,autumn,ALL,Inserted-only,0.5,0.01,0.02,0.4,37919,34920,0.0790896384398323
20251217_184957,autumn,ALL,Inserted-only,0.5,0.01,0.02,0.5,37919,35263,0.07004404124581343
20251217_184957,autumn,ALL,Inserted-only,0.5,0.01,0.02,0.6,37919,35544,0.06263350826762304
20251217_184957,autumn,ALL,Inserted-only,0.5,0.01,0.02,0.7,37919,35728,0.057781059627099896
20251217_184957,autumn,ALL,Inserted-only,0.5,0.01,0.02,0.8,37919,35878,0.05382525910493419
20251217_184957,autumn,ALL,Inserted-only,0.5,0.01,0.02,0.9,37919,35982,0.05108257074289935
20251217_184957,autumn,ALL,Inserted-only,0.5,0.01,0.02,1.0,37919,36057,0.04910467048181655
20251217_184957,autumn,ALL,Inserted-only,0.5,0.01,0.02,1.1,37919,36120,0.04744323426250696
20251217_184957,autumn,ALL,Inserted-only,0.5,0.01,0.02,1.2,37919,36169,0.04615100609193279
20251217_184957,autumn,ALL,Inserted-only,0.5,0.01,0.02,1.3,37919,36207,0.04514886995965084
20251217_184957,autumn,ALL,Inserted-only,0.5,0.01,0.02,1.4,37919,36245,0.04414673382736889
20251217_184957,autumn,ALL,Inserted-only,0.5,0.01,0.02,1.5,37919,36269,0.043513805743822354
20251217_184957,autumn,ALL,Inserted-only,0.5,0.01,0.02,1.6,37919,36294,0.04285450565679472
20251217_184957,autumn,ALL,Inserted-only,0.5,0.01,0.02,1.7,37919,36311,0.042406181597616
20251217_184957,autumn,ALL,Inserted-only,0.5,0.01,0.02,1.8,37919,36325,0.042036973548880474
20251217_184957,autumn,ALL,Inserted-only,0.5,0.01,0.02,1.9,37919,36344,0.041535905482739555
20251217_184957,autumn,ALL,Inserted-only,0.5,0.01,0.02,2.0,37919,36358,0.04116669743400403
20251217_184957,autumn,ALL,Mixed-stream,0.5,0.01,0.02,0.0,37919,19849,0.4765421029035576
20251217_184957,autumn,ALL,Mixed-stream,0.5,0.01,0.02,0.1,37919,21247,0.4396740420369736
20251217_184957,autumn,ALL,Mixed-stream,0.5,0.01,0.02,0.2,37919,22651,0.40264774914950285
20251217_184957,autumn,ALL,Mixed-stream,0.5,0.01,0.02,0.3,37919,24082,0.3649094121680424
20251217_184957,autumn,ALL,Mixed-stream,0.5,0.01,0.02,0.4,37919,25353,0.33139059574355867
20251217_184957,autumn,ALL,Mixed-stream,0.5,0.01,0.02,0.5,37919,26481,0.3016429758168728
20251217_184957,autumn,ALL,Mixed-stream,0.5,0.01,0.02,0.6,37919,27435,0.2764840844958991
20251217_184957,autumn,ALL,Mixed-stream,0.5,0.01,0.02,0.7,37919,28288,0.25398876552651706
20251217_184957,autumn,ALL,Mixed-stream,0.5,0.01,0.02,0.8,37919,28832,0.2396423956327962
20251217_184957,autumn,ALL,Mixed-stream,0.5,0.01,0.02,0.9,37919,29246,0.22872438619161894
20251217_184957,autumn,ALL,Mixed-stream,0.5,0.01,0.02,1.0,37919,29580,0.2199161370289301
20251217_184957,autumn,ALL,Mixed-stream,0.5,0.01,0.02,1.1,37919,29833,0.21324402014821064
20251217_184957,autumn,ALL,Mixed-stream,0.5,0.01,0.02,1.2,37919,30033,0.20796961945198977
20251217_184957,autumn,ALL,Mixed-stream,0.5,0.01,0.02,1.3,37919,30192,0.20377647089849416
20251217_184957,autumn,ALL,Mixed-stream,0.5,0.01,0.02,1.4,37919,30309,0.2006909464912049
20251217_184957,autumn,ALL,Mixed-stream,0.5,0.01,0.02,1.5,37919,30423,0.19768453809435904
20251217_184957,autumn,ALL,Mixed-stream,0.5,0.01,0.02,1.6,37919,30514,0.19528468577757851
20251217_184957,autumn,ALL,Mixed-stream,0.5,0.01,0.02,1.7,37919,30602,0.1929639494712413
20251217_184957,autumn,ALL,Mixed-stream,0.5,0.01,0.02,1.8,37919,30665,0.1913025132519317
20251217_184957,autumn,ALL,Mixed-stream,0.5,0.01,0.02,1.9,37919,30727,0.18966744903610322
20251217_184957,autumn,ALL,Mixed-stream,0.5,0.01,0.02,2.0,37919,30786,0.18811150083071815
20251217_184957,autumn,ALL,Upsampled,0.5,0.01,0.02,0.0,37919,31297,0.17463540705187375
20251217_184957,autumn,ALL,Upsampled,0.5,0.01,0.02,0.1,37919,33654,0.11247659484691053
20251217_184957,autumn,ALL,Upsampled,0.5,0.01,0.02,0.2,37919,35118,0.07386798175057363
20251217_184957,autumn,ALL,Upsampled,0.5,0.01,0.02,0.3,37919,35966,0.05150452279859696
20251217_184957,autumn,ALL,Upsampled,0.5,0.01,0.02,0.4,37919,36408,0.03984809725994887
20251217_184957,autumn,ALL,Upsampled,0.5,0.01,0.02,0.5,37919,36637,0.033808908462775955
20251217_184957,autumn,ALL,Upsampled,0.5,0.01,0.02,0.6,37919,36796,0.029615759909280337
20251217_184957,autumn,ALL,Upsampled,0.5,0.01,0.02,0.7,37919,36912,0.026556607505472174
20251217_184957,autumn,ALL,Upsampled,0.5,0.01,0.02,0.8,37919,36996,0.024341359213059466
20251217_184957,autumn,ALL,Upsampled,0.5,0.01,0.02,0.9,37919,37059,0.02267992299374988
20251217_184957,autumn,ALL,Upsampled,0.5,0.01,0.02,1.0,37919,37117,0.021150346791845798
20251217_184957,autumn,ALL,Upsampled,0.5,0.01,0.02,1.1,37919,37136,0.020649278725704767
20251217_184957,autumn,ALL,Upsampled,0.5,0.01,0.02,1.2,37919,37159,0.020042722645639444
20251217_184957,autumn,ALL,Upsampled,0.5,0.01,0.02,1.3,37919,37176,0.019594398586460615
20251217_184957,autumn,ALL,Upsampled,0.5,0.01,0.02,1.4,37919,37197,0.019040586513357383
20251217_184957,autumn,ALL,Upsampled,0.5,0.01,0.02,1.5,37919,37218,0.01848677444025426
20251217_184957,autumn,ALL,Upsampled,0.5,0.01,0.02,1.6,37919,37226,0.018275798412405342
20251217_184957,autumn,ALL,Upsampled,0.5,0.01,0.02,1.7,37919,37233,0.018091194388037635
20251217_184957,autumn,ALL,Upsampled,0.5,0.01,0.02,1.8,37919,37245,0.017774730346264422
20251217_184957,autumn,ALL,Upsampled,0.5,0.01,0.02,1.9,37919,37257,0.0174582663044911
20251217_184957,autumn,ALL,Upsampled,0.5,0.01,0.02,2.0,37919,37265,0.01724729027664229
20251217_184957,chauffeur,ALL,Inserted-only,0.5,0.01,0.02,0.0,37919,37108,0.021387694823175707
20251217_184957,chauffeur,ALL,Inserted-only,0.5,0.01,0.02,0.1,37919,37254,0.017537382314934513
20251217_184957,chauffeur,ALL,Inserted-only,0.5,0.01,0.02,0.2,37919,37347,0.015084785991191785
20251217_184957,chauffeur,ALL,Inserted-only,0.5,0.01,0.02,0.3,37919,37406,0.013528837785806602
20251217_184957,chauffeur,ALL,Inserted-only,0.5,0.01,0.02,0.4,37919,37462,0.012052005590864723
20251217_184957,chauffeur,ALL,Inserted-only,0.5,0.01,0.02,0.5,37919,37490,0.011313589493393783
20251217_184957,chauffeur,ALL,Inserted-only,0.5,0.01,0.02,0.6,37919,37515,0.010654289406366146
20251217_184957,chauffeur,ALL,Inserted-only,0.5,0.01,0.02,0.7,37919,37536,0.010100477333263025
20251217_184957,chauffeur,ALL,Inserted-only,0.5,0.01,0.02,0.8,37919,37565,0.009335689232310984
20251217_184957,chauffeur,ALL,Inserted-only,0.5,0.01,0.02,0.9,37919,37582,0.008887365173132156
20251217_184957,chauffeur,ALL,Inserted-only,0.5,0.01,0.02,1.0,37919,37597,0.00849178512091564
20251217_184957,chauffeur,ALL,Inserted-only,0.5,0.01,0.02,1.1,37919,37616,0.00799071705477461
20251217_184957,chauffeur,ALL,Inserted-only,0.5,0.01,0.02,1.2,37919,37629,0.0076478810095202965
20251217_184957,chauffeur,ALL,Inserted-only,0.5,0.01,0.02,1.3,37919,37637,0.007436904981671488
20251217_184957,chauffeur,ALL,Inserted-only,0.5,0.01,0.02,1.4,37919,37642,0.007305044964265983
20251217_184957,chauffeur,ALL,Inserted-only,0.5,0.01,0.02,1.5,37919,37649,0.007120440939898165
20251217_184957,chauffeur,ALL,Inserted-only,0.5,0.01,0.02,1.6,37919,37653,0.007014952925973761
20251217_184957,chauffeur,ALL,Inserted-only,0.5,0.01,0.02,1.7,37919,37659,0.006856720905087155
20251217_184957,chauffeur,ALL,Inserted-only,0.5,0.01,0.02,1.8,37919,37666,0.0066721168807194475
20251217_184957,chauffeur,ALL,Inserted-only,0.5,0.01,0.02,1.9,37919,37672,0.006513884859832841
20251217_184957,chauffeur,ALL,Inserted-only,0.5,0.01,0.02,2.0,37919,37678,0.006355652838946124
20251217_184957,chauffeur,ALL,Mixed-stream,0.5,0.01,0.02,0.0,37919,16139,0.5743822358184552
20251217_184957,chauffeur,ALL,Mixed-stream,0.5,0.01,0.02,0.1,37919,16555,0.5634114823703157
20251217_184957,chauffeur,ALL,Mixed-stream,0.5,0.01,0.02,0.2,37919,16995,0.5518078008386298
20251217_184957,chauffeur,ALL,Mixed-stream,0.5,0.01,0.02,0.3,37919,17430,0.5403359793243493
20251217_184957,chauffeur,ALL,Mixed-stream,0.5,0.01,0.02,0.4,37919,17836,0.5296289459110208
20251217_184957,chauffeur,ALL,Mixed-stream,0.5,0.01,0.02,0.5,37919,18273,0.5181043803897782
20251217_184957,chauffeur,ALL,Mixed-stream,0.5,0.01,0.02,0.6,37919,18708,0.5066325588754979
20251217_184957,chauffeur,ALL,Mixed-stream,0.5,0.01,0.02,0.7,37919,19126,0.49560906142039607
20251217_184957,chauffeur,ALL,Mixed-stream,0.5,0.01,0.02,0.8,37919,19516,0.48532398006276534
20251217_184957,chauffeur,ALL,Mixed-stream,0.5,0.01,0.02,0.9,37919,19878,0.47577731480260554
20251217_184957,chauffeur,ALL,Mixed-stream,0.5,0.01,0.02,1.0,37919,20222,0.46670534560510557
20251217_184957,chauffeur,ALL,Mixed-stream,0.5,0.01,0.02,1.1,37919,20592,0.45694770431709697
20251217_184957,chauffeur,ALL,Mixed-stream,0.5,0.01,0.02,1.2,37919,20908,0.44861415121706794
20251217_184957,chauffeur,ALL,Mixed-stream,0.5,0.01,0.02,1.3,37919,21167,0.4417838023154619
20251217_184957,chauffeur,ALL,Mixed-stream,0.5,0.01,0.02,1.4,37919,21462,0.4340040612885361
20251217_184957,chauffeur,ALL,Mixed-stream,0.5,0.01,0.02,1.5,37919,21722,0.4271473403834489
20251217_184957,chauffeur,ALL,Mixed-stream,0.5,0.01,0.02,1.6,37919,21963,0.4207916875445028
20251217_184957,chauffeur,ALL,Mixed-stream,0.5,0.01,0.02,1.7,37919,22174,0.4152271948099897
20251217_184957,chauffeur,ALL,Mixed-stream,0.5,0.01,0.02,1.8,37919,22367,0.41013739813813654
20251217_184957,chauffeur,ALL,Mixed-stream,0.5,0.01,0.02,1.9,37919,22563,0.4049684854558401
20251217_184957,chauffeur,ALL,Mixed-stream,0.5,0.01,0.02,2.0,37919,22756,0.3998786887839869
20251217_184957,chauffeur,ALL,Upsampled,0.5,0.01,0.02,0.0,37919,37886,0.0008702761148764449
20251217_184957,chauffeur,ALL,Upsampled,0.5,0.01,0.02,0.1,37919,37892,0.0007120440939898387
20251217_184957,chauffeur,ALL,Upsampled,0.5,0.01,0.02,0.2,37919,37897,0.0005801840765843336
20251217_184957,chauffeur,ALL,Upsampled,0.5,0.01,0.02,0.3,37919,37901,0.0004746960626599295
20251217_184957,chauffeur,ALL,Upsampled,0.5,0.01,0.02,0.4,37919,37905,0.00036920804873541435
20251217_184957,chauffeur,ALL,Upsampled,0.5,0.01,0.02,0.5,37919,37905,0.00036920804873541435
20251217_184957,chauffeur,ALL,Upsampled,0.5,0.01,0.02,0.6,37919,37906,0.0003428360452543133
20251217_184957,chauffeur,ALL,Upsampled,0.5,0.01,0.02,0.7,37919,37909,0.00026372003481101025
20251217_184957,chauffeur,ALL,Upsampled,0.5,0.01,0.02,0.8,37919,37912,0.00018460402436770718
20251217_184957,chauffeur,ALL,Upsampled,0.5,0.01,0.02,0.9,37919,37912,0.00018460402436770718
20251217_184957,chauffeur,ALL,Upsampled,0.5,0.01,0.02,1.0,37919,37913,0.00015823202088660615
20251217_184957,chauffeur,ALL,Upsampled,0.5,0.01,0.02,1.1,37919,37913,0.00015823202088660615
20251217_184957,chauffeur,ALL,Upsampled,0.5,0.01,0.02,1.2,37919,37913,0.00015823202088660615
20251217_184957,chauffeur,ALL,Upsampled,0.5,0.01,0.02,1.3,37919,37913,0.00015823202088660615
20251217_184957,chauffeur,ALL,Upsampled,0.5,0.01,0.02,1.4,37919,37914,0.00013186001740550513
20251217_184957,chauffeur,ALL,Upsampled,0.5,0.01,0.02,1.5,37919,37915,0.0001054880139244041
20251217_184957,chauffeur,ALL,Upsampled,0.5,0.01,0.02,1.6,37919,37915,0.0001054880139244041
20251217_184957,chauffeur,ALL,Upsampled,0.5,0.01,0.02,1.7,37919,37915,0.0001054880139244041
20251217_184957,chauffeur,ALL,Upsampled,0.5,0.01,0.02,1.8,37919,37915,0.0001054880139244041
20251217_184957,chauffeur,ALL,Upsampled,0.5,0.01,0.02,1.9,37919,37915,0.0001054880139244041
20251217_184957,chauffeur,ALL,Upsampled,0.5,0.01,0.02,2.0,37919,37915,0.0001054880139244041
20251217_184957,komanda,ALL,Inserted-only,0.5,0.01,0.02,0.0,37919,37299,0.016350642158284745
20251217_184957,komanda,ALL,Inserted-only,0.5,0.01,0.02,0.1,37919,37441,0.012605817663967955
20251217_184957,komanda,ALL,Inserted-only,0.5,0.01,0.02,0.2,37919,37503,0.01097075344813947
20251217_184957,komanda,ALL,Inserted-only,0.5,0.01,0.02,0.3,37919,37557,0.009546665260159792
20251217_184957,komanda,ALL,Inserted-only,0.5,0.01,0.02,0.4,37919,37590,0.008676389145283347
20251217_184957,komanda,ALL,Inserted-only,0.5,0.01,0.02,0.5,37919,37620,0.007885229040850206
20251217_184957,komanda,ALL,Inserted-only,0.5,0.01,0.02,0.6,37919,37641,0.007331416967747084
20251217_184957,komanda,ALL,Inserted-only,0.5,0.01,0.02,0.7,37919,37670,0.006566628866795043
20251217_184957,komanda,ALL,Inserted-only,0.5,0.01,0.02,0.8,37919,37687,0.006118304807616215
20251217_184957,komanda,ALL,Inserted-only,0.5,0.01,0.02,0.9,37919,37700,0.005775468762361902
20251217_184957,komanda,ALL,Inserted-only,0.5,0.01,0.02,1.0,37919,37704,0.0056699807484374976
20251217_184957,komanda,ALL,Inserted-only,0.5,0.01,0.02,1.1,37919,37711,0.005485376724069679
20251217_184957,komanda,ALL,Inserted-only,0.5,0.01,0.02,1.2,37919,37713,0.005432632717107477
20251217_184957,komanda,ALL,Inserted-only,0.5,0.01,0.02,1.3,37919,37717,0.005327144703183073
20251217_184957,komanda,ALL,Inserted-only,0.5,0.01,0.02,1.4,37919,37717,0.005327144703183073
20251217_184957,komanda,ALL,Inserted-only,0.5,0.01,0.02,1.5,37919,37722,0.005195284685777568
20251217_184957,komanda,ALL,Inserted-only,0.5,0.01,0.02,1.6,37919,37723,0.005168912682296467
20251217_184957,komanda,ALL,Inserted-only,0.5,0.01,0.02,1.7,37919,37724,0.005142540678815366
20251217_184957,komanda,ALL,Inserted-only,0.5,0.01,0.02,1.8,37919,37726,0.005089796671853164
20251217_184957,komanda,ALL,Inserted-only,0.5,0.01,0.02,1.9,37919,37727,0.005063424668372063
20251217_184957,komanda,ALL,Inserted-only,0.5,0.01,0.02,2.0,37919,37727,0.005063424668372063
20251217_184957,komanda,ALL,Mixed-stream,0.5,0.01,0.02,0.0,37919,12323,0.6750178011023498
20251217_184957,komanda,ALL,Mixed-stream,0.5,0.01,0.02,0.1,37919,12998,0.6572166987526042
20251217_184957,komanda,ALL,Mixed-stream,0.5,0.01,0.02,0.2,37919,13643,0.6402067565072919
20251217_184957,komanda,ALL,Mixed-stream,0.5,0.01,0.02,0.3,37919,14277,0.6234869063002717
20251217_184957,komanda,ALL,Mixed-stream,0.5,0.01,0.02,0.4,37919,14935,0.6061341280097049
20251217_184957,komanda,ALL,Mixed-stream,0.5,0.01,0.02,0.5,37919,15583,0.5890450697539492
20251217_184957,komanda,ALL,Mixed-stream,0.5,0.01,0.02,0.6,37919,16155,0.5739602837627575
20251217_184957,komanda,ALL,Mixed-stream,0.5,0.01,0.02,0.7,37919,16723,0.5589809857854902
20251217_184957,komanda,ALL,Mixed-stream,0.5,0.01,0.02,0.8,37919,17242,0.5452939159787968
20251217_184957,komanda,ALL,Mixed-stream,0.5,0.01,0.02,0.9,37919,17672,0.5339539544819221
20251217_184957,komanda,ALL,Mixed-stream,0.5,0.01,0.02,1.0,37919,18043,0.5241699411904323
20251217_184957,komanda,ALL,Mixed-stream,0.5,0.01,0.02,1.1,37919,18356,0.5159155041008465
20251217_184957,komanda,ALL,Mixed-stream,0.5,0.01,0.02,1.2,37919,18618,0.5090060391887972
20251217_184957,komanda,ALL,Mixed-stream,0.5,0.01,0.02,1.3,37919,18840,0.503151454415992
20251217_184957,komanda,ALL,Mixed-stream,0.5,0.01,0.02,1.4,37919,19045,0.4977451937023656
20251217_184957,komanda,ALL,Mixed-stream,0.5,0.01,0.02,1.5,37919,19228,0.49291911706532343
20251217_184957,komanda,ALL,Mixed-stream,0.5,0.01,0.02,1.6,37919,19379,0.48893694453967673
20251217_184957,komanda,ALL,Mixed-stream,0.5,0.01,0.02,1.7,37919,19519,0.48524486405232203
20251217_184957,komanda,ALL,Mixed-stream,0.5,0.01,0.02,1.8,37919,19668,0.48131543553363754
20251217_184957,komanda,ALL,Mixed-stream,0.5,0.01,0.02,1.9,37919,19795,0.47796619109153726
20251217_184957,komanda,ALL,Mixed-stream,0.5,0.01,0.02,2.0,37919,19898,0.4752498747329834
20251217_184957,komanda,ALL,Upsampled,0.5,0.01,0.02,0.0,37919,37777,0.0037448244943167897
20251217_184957,komanda,ALL,Upsampled,0.5,0.01,0.02,0.1,37919,37848,0.0018724122471583948
20251217_184957,komanda,ALL,Upsampled,0.5,0.01,0.02,0.2,37919,37872,0.0012394841636118592
20251217_184957,komanda,ALL,Upsampled,0.5,0.01,0.02,0.3,37919,37886,0.0008702761148764449
20251217_184957,komanda,ALL,Upsampled,0.5,0.01,0.02,0.4,37919,37895,0.0006329280835465356
20251217_184957,komanda,ALL,Upsampled,0.5,0.01,0.02,0.5,37919,37897,0.0005801840765843336
20251217_184957,komanda,ALL,Upsampled,0.5,0.01,0.02,0.6,37919,37899,0.0005274400696221315
20251217_184957,komanda,ALL,Upsampled,0.5,0.01,0.02,0.7,37919,37905,0.00036920804873541435
20251217_184957,komanda,ALL,Upsampled,0.5,0.01,0.02,0.8,37919,37906,0.0003428360452543133
20251217_184957,komanda,ALL,Upsampled,0.5,0.01,0.02,0.9,37919,37907,0.0003164640417732123
20251217_184957,komanda,ALL,Upsampled,0.5,0.01,0.02,1.0,37919,37907,0.0003164640417732123
20251217_184957,komanda,ALL,Upsampled,0.5,0.01,0.02,1.1,37919,37907,0.0003164640417732123
20251217_184957,komanda,ALL,Upsampled,0.5,0.01,0.02,1.2,37919,37908,0.0002900920382921113
20251217_184957,komanda,ALL,Upsampled,0.5,0.01,0.02,1.3,37919,37908,0.0002900920382921113
20251217_184957,komanda,ALL,Upsampled,0.5,0.01,0.02,1.4,37919,37909,0.00026372003481101025
20251217_184957,komanda,ALL,Upsampled,0.5,0.01,0.02,1.5,37919,37910,0.00023734803132990923
20251217_184957,komanda,ALL,Upsampled,0.5,0.01,0.02,1.6,37919,37910,0.00023734803132990923
20251217_184957,komanda,ALL,Upsampled,0.5,0.01,0.02,1.7,37919,37911,0.0002109760278488082
20251217_184957,komanda,ALL,Upsampled,0.5,0.01,0.02,1.8,37919,37911,0.0002109760278488082
20251217_184957,komanda,ALL,Upsampled,0.5,0.01,0.02,1.9,37919,37911,0.0002109760278488082
20251217_184957,komanda,ALL,Upsampled,0.5,0.01,0.02,2.0,37919,37911,0.0002109760278488082
20251217_184957,rambo,ALL,Inserted-only,0.5,0.01,0.02,0.0,37919,16098,0.5754634879611804
20251217_184957,rambo,ALL,Inserted-only,0.5,0.01,0.02,0.1,37919,20158,0.46839315382789626
20251217_184957,rambo,ALL,Inserted-only,0.5,0.01,0.02,0.2,37919,23513,0.3799150821487909
20251217_184957,rambo,ALL,Inserted-only,0.5,0.01,0.02,0.3,37919,25977,0.3149344655713494
20251217_184957,rambo,ALL,Inserted-only,0.5,0.01,0.02,0.4,37919,27911,0.2639310108388935
20251217_184957,rambo,ALL,Inserted-only,0.5,0.01,0.02,0.5,37919,29335,0.22637727788180073
20251217_184957,rambo,ALL,Inserted-only,0.5,0.01,0.02,0.6,37919,30349,0.19963606635196074
20251217_184957,rambo,ALL,Inserted-only,0.5,0.01,0.02,0.7,37919,30985,0.18286347213797827
20251217_184957,rambo,ALL,Inserted-only,0.5,0.01,0.02,0.8,37919,31425,0.17125979060629237
20251217_184957,rambo,ALL,Inserted-only,0.5,0.01,0.02,0.9,37919,31684,0.16442944170468632
20251217_184957,rambo,ALL,Inserted-only,0.5,0.01,0.02,1.0,37919,31875,0.15939238903979536
20251217_184957,rambo,ALL,Inserted-only,0.5,0.01,0.02,1.1,37919,32019,0.15559482053851637
20251217_184957,rambo,ALL,Inserted-only,0.5,0.01,0.02,1.2,37919,32150,0.15214008808249158
20251217_184957,rambo,ALL,Inserted-only,0.5,0.01,0.02,1.3,37919,32223,0.15021493182837098
20251217_184957,rambo,ALL,Inserted-only,0.5,0.01,0.02,1.4,37919,32300,0.14818428756032598
20251217_184957,rambo,ALL,Inserted-only,0.5,0.01,0.02,1.5,37919,32354,0.1467601993723463
20251217_184957,rambo,ALL,Inserted-only,0.5,0.01,0.02,1.6,37919,32401,0.14552071520873444
20251217_184957,rambo,ALL,Inserted-only,0.5,0.01,0.02,1.7,37919,32444,0.14438671905904688
20251217_184957,rambo,ALL,Inserted-only,0.5,0.01,0.02,1.8,37919,32481,0.14341095493024603
20251217_184957,rambo,ALL,Inserted-only,0.5,0.01,0.02,1.9,37919,32511,0.14261979482581288
20251217_184957,rambo,ALL,Inserted-only,0.5,0.01,0.02,2.0,37919,32542,0.14180226271789864
20251217_184957,rambo,ALL,Mixed-stream,0.5,0.01,0.02,0.0,37919,4871,0.8715419710435401
20251217_184957,rambo,ALL,Mixed-stream,0.5,0.01,0.02,0.1,37919,6363,0.8321949418497323
20251217_184957,rambo,ALL,Mixed-stream,0.5,0.01,0.02,0.2,37919,7852,0.7929270286663678
20251217_184957,rambo,ALL,Mixed-stream,0.5,0.01,0.02,0.3,37919,9330,0.7539492075212955
20251217_184957,rambo,ALL,Mixed-stream,0.5,0.01,0.02,0.4,37919,10719,0.7173184946860414
20251217_184957,rambo,ALL,Mixed-stream,0.5,0.01,0.02,0.5,37919,12046,0.6823228460666158
20251217_184957,rambo,ALL,Mixed-stream,0.5,0.01,0.02,0.6,37919,13134,0.6536301062791741
20251217_184957,rambo,ALL,Mixed-stream,0.5,0.01,0.02,0.7,37919,13837,0.6350905878319576
20251217_184957,rambo,ALL,Mixed-stream,0.5,0.01,0.02,0.8,37919,14242,0.6244099264221104
20251217_184957,rambo,ALL,Mixed-stream,0.5,0.01,0.02,0.9,37919,14519,0.6171048814578444
20251217_184957,rambo,ALL,Mixed-stream,0.5,0.01,0.02,1.0,37919,14720,0.6118041087581423
20251217_184957,rambo,ALL,Mixed-stream,0.5,0.01,0.02,1.1,37919,14863,0.6080329122603444
20251217_184957,rambo,ALL,Mixed-stream,0.5,0.01,0.02,1.2,37919,14974,0.6051056198739418
20251217_184957,rambo,ALL,Mixed-stream,0.5,0.01,0.02,1.3,37919,15066,0.6026793955536802
20251217_184957,rambo,ALL,Mixed-stream,0.5,0.01,0.02,1.4,37919,15134,0.6008860993169651
20251217_184957,rambo,ALL,Mixed-stream,0.5,0.01,0.02,1.5,37919,15189,0.5994356391255043
20251217_184957,rambo,ALL,Mixed-stream,0.5,0.01,0.02,1.6,37919,15233,0.5982752709723358
20251217_184957,rambo,ALL,Mixed-stream,0.5,0.01,0.02,1.7,37919,15268,0.5973522508504971
20251217_184957,rambo,ALL,Mixed-stream,0.5,0.01,0.02,1.8,37919,15311,0.5962182547008097
20251217_184957,rambo,ALL,Mixed-stream,0.5,0.01,0.02,1.9,37919,15351,0.5951633745615654
20251217_184957,rambo,ALL,Mixed-stream,0.5,0.01,0.02,2.0,37919,15373,0.5945831904849812
20251217_184957,rambo,ALL,Upsampled,0.5,0.01,0.02,0.0,37919,13795,0.636198211978164
20251217_184957,rambo,ALL,Upsampled,0.5,0.01,0.02,0.1,37919,16857,0.5554471373190222
20251217_184957,rambo,ALL,Upsampled,0.5,0.01,0.02,0.2,37919,19569,0.48392626387826687
20251217_184957,rambo,ALL,Upsampled,0.5,0.01,0.02,0.3,37919,21740,0.426672644320789
20251217_184957,rambo,ALL,Upsampled,0.5,0.01,0.02,0.4,37919,23615,0.37722513779371813
20251217_184957,rambo,ALL,Upsampled,0.5,0.01,0.02,0.5,37919,25119,0.3375616445581371
20251217_184957,rambo,ALL,Upsampled,0.5,0.01,0.02,0.6,37919,26350,0.3050977082728975
20251217_184957,rambo,ALL,Upsampled,0.5,0.01,0.02,0.7,37919,27316,0.2796223529101506
20251217_184957,rambo,ALL,Upsampled,0.5,0.01,0.02,0.8,37919,27998,0.26163664653603735
20251217_184957,rambo,ALL,Upsampled,0.5,0.01,0.02,0.9,37919,28463,0.24937366491732382
20251217_184957,rambo,ALL,Upsampled,0.5,0.01,0.02,1.0,37919,28796,0.24059178775811596
20251217_184957,rambo,ALL,Upsampled,0.5,0.01,0.02,1.1,37919,29023,0.23460534296790525
20251217_184957,rambo,ALL,Upsampled,0.5,0.01,0.02,1.2,37919,29226,0.22925182626124108
20251217_184957,rambo,ALL,Upsampled,0.5,0.01,0.02,1.3,37919,29401,0.22463672565204773
20251217_184957,rambo,ALL,Upsampled,0.5,0.01,0.02,1.4,37919,29535,0.22110287718557975
20251217_184957,rambo,ALL,Upsampled,0.5,0.01,0.02,1.5,37919,29652,0.2180173527782906
20251217_184957,rambo,ALL,Upsampled,0.5,0.01,0.02,1.6,37919,29759,0.21519554840581234
20251217_184957,rambo,ALL,Upsampled,0.5,0.01,0.02,1.7,37919,29851,0.21276932408555083
20251217_184957,rambo,ALL,Upsampled,0.5,0.01,0.02,1.8,37919,29923,0.21087053983491122
20251217_184957,rambo,ALL,Upsampled,0.5,0.01,0.02,1.9,37919,29984,0.20926184762256383
20251217_184957,rambo,ALL,Upsampled,0.5,0.01,0.02,2.0,37919,30039,0.20781138743110317
20251217_184957,ALL,ALL,Inserted-only,0.5,0.01,0.02,0.0,151676,121670,0.19782958411350515
20251217_184957,ALL,ALL,Inserted-only,0.5,0.01,0.02,0.1,151676,127484,0.15949787705371976
20251217_184957,ALL,ALL,Inserted-only,0.5,0.01,0.02,0.2,151676,132099,0.12907117803739554
20251217_184957,ALL,ALL,Inserted-only,0.5,0.01,0.02,0.3,151676,135382,0.10742635618027907
20251217_184957,ALL,ALL,Inserted-only,0.5,0.01,0.02,0.4,151676,137883,0.09093726100371846
20251217_184957,ALL,ALL,Inserted-only,0.5,0.01,0.02,0.5,151676,139708,0.07890503441546459
20251217_184957,ALL,ALL,Inserted-only,0.5,0.01,0.02,0.6,151676,141049,0.07006382024842428
20251217_184957,ALL,ALL,Inserted-only,0.5,0.01,0.02,0.7,151676,141919,0.06432790949128409
20251217_184957,ALL,ALL,Inserted-only,0.5,0.01,0.02,0.8,151676,142555,0.06013476093778847
20251217_184957,ALL,ALL,Inserted-only,0.5,0.01,0.02,0.9,151676,142948,0.057543711595769875
20251217_184957,ALL,ALL,Inserted-only,0.5,0.01,0.02,1.0,151676,143233,0.05566470634774123
20251217_184957,ALL,ALL,Inserted-only,0.5,0.01,0.02,1.1,151676,143466,0.054128537144966904
20251217_184957,ALL,ALL,Inserted-only,0.5,0.01,0.02,1.2,151676,143661,0.05284290197526309
20251217_184957,ALL,ALL,Inserted-only,0.5,0.01,0.02,1.3,151676,143784,0.052031962868219095
20251217_184957,ALL,ALL,Inserted-only,0.5,0.01,0.02,1.4,151676,143904,0.05124080276378595
20251217_184957,ALL,ALL,Inserted-only,0.5,0.01,0.02,1.5,151676,143994,0.050647432685461125
20251217_184957,ALL,ALL,Inserted-only,0.5,0.01,0.02,1.6,151676,144071,0.05013977161844985
20251217_184957,ALL,ALL,Inserted-only,0.5,0.01,0.02,1.7,151676,144138,0.04969804056014138
20251217_184957,ALL,ALL,Inserted-only,0.5,0.01,0.02,1.8,151676,144198,0.04930246050792475
20251217_184957,ALL,ALL,Inserted-only,0.5,0.01,0.02,1.9,151676,144254,0.048933252459189336
20251217_184957,ALL,ALL,Inserted-only,0.5,0.01,0.02,2.0,151676,144305,0.04859700941480527
20251217_184957,ALL,ALL,Mixed-stream,0.5,0.01,0.02,0.0,151676,53182,0.6493710277169756
20251217_184957,ALL,ALL,Mixed-stream,0.5,0.01,0.02,0.1,151676,57163,0.6231242912524064
20251217_184957,ALL,ALL,Mixed-stream,0.5,0.01,0.02,0.2,151676,61141,0.5968973337904481
20251217_184957,ALL,ALL,Mixed-stream,0.5,0.01,0.02,0.3,151676,65119,0.5706703763284897
20251217_184957,ALL,ALL,Mixed-stream,0.5,0.01,0.02,0.4,151676,68843,0.5461180410875814
20251217_184957,ALL,ALL,Mixed-stream,0.5,0.01,0.02,0.5,151676,72383,0.522778818006804
20251217_184957,ALL,ALL,Mixed-stream,0.5,0.01,0.02,0.6,151676,75432,0.502676758353332
20251217_184957,ALL,ALL,Mixed-stream,0.5,0.01,0.02,0.7,151676,77974,0.48591735014109017
20251217_184957,ALL,ALL,Mixed-stream,0.5,0.01,0.02,0.8,151676,79832,0.47366755452411724
20251217_184957,ALL,ALL,Mixed-stream,0.5,0.01,0.02,0.9,151676,81315,0.4638901342334977
20251217_184957,ALL,ALL,Mixed-stream,0.5,0.01,0.02,1.0,151676,82565,0.45564888314565255
20251217_184957,ALL,ALL,Mixed-stream,0.5,0.01,0.02,1.1,151676,83644,0.44853503520662463
20251217_184957,ALL,ALL,Mixed-stream,0.5,0.01,0.02,1.2,151676,84533,0.4426738574329492
20251217_184957,ALL,ALL,Mixed-stream,0.5,0.01,0.02,1.3,151676,85265,0.437847780795907
20251217_184957,ALL,ALL,Mixed-stream,0.5,0.01,0.02,1.4,151676,85950,0.43333157519976795
20251217_184957,ALL,ALL,Mixed-stream,0.5,0.01,0.02,1.5,151676,86562,0.42929665866715894
20251217_184957,ALL,ALL,Mixed-stream,0.5,0.01,0.02,1.6,151676,87089,0.4258221472085234
20251217_184957,ALL,ALL,Mixed-stream,0.5,0.01,0.02,1.7,151676,87563,0.42269706479601254
20251217_184957,ALL,ALL,Mixed-stream,0.5,0.01,0.02,1.8,151676,88011,0.4197434004061289
20251217_184957,ALL,ALL,Mixed-stream,0.5,0.01,0.02,1.9,151676,88436,0.4169413750362615
20251217_184957,ALL,ALL,Mixed-stream,0.5,0.01,0.02,2.0,151676,88813,0.4144558137081674
20251217_184957,ALL,ALL,Upsampled,0.5,0.01,0.02,0.0,151676,120755,0.2038621799098077
20251217_184957,ALL,ALL,Upsampled,0.5,0.01,0.02,0.1,151676,126251,0.16762704712677023
20251217_184957,ALL,ALL,Upsampled,0.5,0.01,0.02,0.2,151676,130456,0.13990347846725915
20251217_184957,ALL,ALL,Upsampled,0.5,0.01,0.02,0.3,151676,133493,0.11988053482423056
20251217_184957,ALL,ALL,Upsampled,0.5,0.01,0.02,0.4,151676,135823,0.10451884279648727
20251217_184957,ALL,ALL,Upsampled,0.5,0.01,0.02,0.5,151676,137558,0.09307998628655823
20251217_184957,ALL,ALL,Upsampled,0.5,0.01,0.02,0.6,151676,138951,0.0838959360742636
20251217_184957,ALL,ALL,Upsampled,0.5,0.01,0.02,0.7,151676,140042,0.07670297212479227
20251217_184957,ALL,ALL,Upsampled,0.5,0.01,0.02,0.8,151676,140812,0.07162636145467971
20251217_184957,ALL,ALL,Upsampled,0.5,0.01,0.02,0.9,151676,141341,0.06813866399430368
20251217_184957,ALL,ALL,Upsampled,0.5,0.01,0.02,1.0,151676,141733,0.06555420765315545
20251217_184957,ALL,ALL,Upsampled,0.5,0.01,0.02,1.1,151676,141979,0.06393232943906746
20251217_184957,ALL,ALL,Upsampled,0.5,0.01,0.02,1.2,151676,142206,0.06243571824151484
20251217_184957,ALL,ALL,Upsampled,0.5,0.01,0.02,1.3,151676,142398,0.061169862074421766
20251217_184957,ALL,ALL,Upsampled,0.5,0.01,0.02,1.4,151676,142555,0.06013476093778847
20251217_184957,ALL,ALL,Upsampled,0.5,0.01,0.02,1.5,151676,142695,0.05921174081594982
20251217_184957,ALL,ALL,Upsampled,0.5,0.01,0.02,1.6,151676,142810,0.05845354571586803
20251217_184957,ALL,ALL,Upsampled,0.5,0.01,0.02,1.7,151676,142910,0.05779424562884039
20251217_184957,ALL,ALL,Upsampled,0.5,0.01,0.02,1.8,151676,142994,0.05724043355573727
20251217_184957,ALL,ALL,Upsampled,0.5,0.01,0.02,1.9,151676,143067,0.05675914449220709
20251217_184957,ALL,ALL,Upsampled,0.5,0.01,0.02,2.0,151676,143130,0.05634378543737972
