frame_id,steering_angle
1479424215935744028,0.020280465
1479424215985964663,-0.032471217
1479424216035468115,-0.037949957
1479424216085749005,-0.001269136
1479424216137502755,-0.001269136
1479424216184711490,0.054827046
1479424216234848019,0.0677639
1479424216284795247,0.14496285
1479424216335154483,0.083448514
1479424216384937452,0.06219911
1479424216434979406,0.03725496
1479424216484793288,0.0069456776
1479424216534932465,-0.001269136
1479424216584965256,-0.001269136
1479424216634893833,-0.001269136
1479424216684844433,0.019454429
1479424216734979719,0.0798194
1479424216785186447,0.061655574
1479424216835076923,0.0010249246
1479424216885486180,-0.008524256
1479424216935024914,-0.035914782
1479424216984929530,-0.011849639
1479424217034917866,0.0123040145
1479424217084973257,0.048991658
1479424217135210170,0.031703092
1479424217185033558,0.005752653
1479424217234858569,-0.022085201
1479424217285081930,-0.011182957
1479424217334994439,0.0002587525
1479424217385226748,0.013633315
1479424217435161859,0.010121497
1479424217484970812,-0.001269136
1479424217535064363,-0.001269136
1479424217585168741,-0.001269136
1479424217635085443,0.017182738
1479424217684994816,0.03349149
1479424217738403141,0.073532194
1479424217785192453,0.107811615
1479424217835084284,0.10097749
1479424217885513224,0.010710081
1479424217934987312,-0.059275698
1479424217985337344,-0.044563487
1479424218035390994,-0.001269136
1479424218085001837,0.048545357
1479424218134987477,0.06785418
1479424218185100794,0.05886101
1479424218235122071,0.05876072
1479424218284877023,0.019616632
1479424218335464666,-0.009052791
1479424218384906571,-0.001269136
1479424218434918059,0.016024765
1479424218485035327,0.016133366
1479424218535226794,0.025598748
1479424218585503654,0.01747949
1479424218635122927,0.01612339
1479424218685087887,0.016827848
1479424218735262308,-0.001269136
1479424218785139731,-0.001269136
1479424218835090676,-0.021954458
1479424218885094304,-0.001269136
1479424218935148147,-0.001269136
1479424218985309093,-0.001269136
1479424219035276153,-0.001269136
1479424219085330924,-0.001269136
1479424219135191550,-0.001269136
1479424219185345922,-0.001269136
1479424219235453849,0.0021675609
1479424219285392797,0.010186034
1479424219335551976,0.006983105
1479424219385493187,0.0022829454
1479424219435588896,0.0075848973
1479424219485669815,0.010024598
1479424219535540415,0.005166787
1479424219585535058,0.010447681
1479424219635615391,0.0060367654
1479424219685599059,-0.001269136
1479424219735527248,-0.001269136
1479424219785565172,-0.001269136
1479424219835540611,-0.001269136
1479424219886612002,0.01202588
1479424219935719325,0.010680414
1479424219985696775,0.012038121
1479424220035704535,0.015385935
1479424220086220556,-0.001269136
1479424220135847380,0.00447
1479424220185685888,0.004822229
1479424220235684556,0.0066786213
1479424220285714375,0.0068269093
1479424220335679494,-0.001269136
1479424220385639337,-0.001269136
1479424220435602806,-0.001269136
1479424220486617793,0.009335701
1479424220535559769,0.01185009
1479424220585548820,0.008044415
1479424220635491809,-0.001269136
1479424220687348095,-0.001269136
1479424220735564674,-0.001269136
1479424220785594556,0.014871208
1479424220835498366,0.016269773
1479424220885539667,0.007831997
1479424220935585313,-0.001269136
1479424220985432524,-0.011030188
1479424221035583333,-0.001269136
1479424221085536755,-0.001269136
1479424221135473779,0.0035051245
1479424221185567342,0.010789821
1479424221235557579,-0.001269136
1479424221285674484,-0.001269136
1479424221335616924,-0.001269136
1479424221385688930,-0.001269136
1479424221435723473,-0.001269136
1479424221485740041,-0.001269136
1479424221535641210,-0.001269136
1479424221585839750,-0.001269136
1479424221635859085,-0.001269136
1479424221685669264,-0.001269136
1479424221735715457,-0.001269136
1479424221785726766,-0.001269136
1479424221835664264,0.005991647
1479424221886325196,0.0062334617
1479424221935714011,-0.001269136
1479424221985858002,-0.001269136
1479424222035874304,-0.019960517
1479424222085862467,-0.01824032
1479424222135925755,-0.001269136
1479424222185838408,-0.001269136
1479424222235822912,0.0088149635
1479424222286278810,0.011163175
1479424222335831238,0.0027819076
1479424222385722265,-0.001269136
1479424222435867624,-0.001269136
1479424222487702175,-0.001269136
1479424222535970088,-0.001269136
1479424222585902878,-0.001269136
1479424222635924917,0.00646846
1479424222685723137,0.011496641
1479424222738328122,0.03235184
1479424222785791433,0.013394705
1479424222833878684,0.008413066
1479424222884295047,0.009520472
1479424222936208973,0.008676069
1479424222986489922,0.011489613
1479424223035812304,-0.001269136
1479424223085998779,-0.001269136
1479424223135956366,0.007269838
1479424223185975874,0.016868923
1479424223235959059,0.016408546
1479424223283845276,0.012171968
1479424223335388763,-0.001269136
1479424223385315910,0.016455177
1479424223435515222,-0.001269136
1479424223485365741,0.020151632
1479424223535991515,0.01927756
1479424223584363839,-0.001269136
1479424223636030619,-0.001269136
1479424223685799150,-0.001269136
1479424223736064867,-0.001269136
1479424223785919410,-0.042635407
1479424223835769992,-0.055416953
1479424223886016962,-0.032845333
1479424223935950629,-0.014327158
1479424223986150028,0.016506942
1479424224036094262,0.030099269
1479424224086106241,0.06263153
1479424224135998921,0.05827204
1479424224186252547,0.019436708
1479424224236098107,-0.001269136
1479424224286917803,-0.001269136
1479424224336294610,-0.001269136
1479424224386254484,0.017914163
1479424224436477204,0.008979398
1479424224486666111,-0.00657413
1479424224536066170,-0.00521572
1479424224586182345,0.011918065
1479424224636208518,0.06535171
1479424224686591211,0.077800885
1479424224736102576,0.03238773
1479424224786123524,0.0130930105
1479424224836134441,-0.023385065
1479424224887092653,-0.001269136
1479424224936618456,-0.001269136
1479424224986184182,0.009374943
1479424225036579314,0.030818194
1479424225086386849,0.06623217
1479424225136234266,0.037131783
1479424225186229196,0.01399373
1479424225236225247,0.0119350925
1479424225287261664,-0.004015052
1479424225336170393,-0.001269136
1479424225386312062,0.03347508
1479424225436103156,0.06333691
1479424225486087152,0.044765767
1479424225536195675,0.02444644
1479424225586246306,0.027364518
1479424225636167642,0.04358694
1479424225686166370,0.12981461
1479424225736230689,0.08835746
1479424225786454937,0.06010861
1479424225836239713,0.027757581
1479424225886309311,0.018614227
1479424225936463176,0.05884446
1479424225986792749,0.12606952
1479424226036205665,0.12822208
1479424226086186743,0.10339155
1479424226136401901,0.05959866
1479424226186344061,0.07218893
1479424226236251827,0.07656652
1479424226286316119,0.06795178
1479424226336335099,0.09295506
1479424226386369235,0.07037342
1479424226436254249,0.08436389
1479424226486346621,0.092292175
1479424226536273038,0.08505443
1479424226586411152,0.093839854
1479424226636419276,0.11220529
1479424226686359862,0.13043785
1479424226736521392,0.1043072
1479424226786331729,0.07561856
1479424226836552760,0.053252272
1479424226886304262,0.058220092
1479424226938676239,0.0605661
1479424226986368563,0.07294606
1479424227036367899,0.052769322
1479424227086521007,0.08202872
1479424227136341006,0.07183562
1479424227184419726,0.08676974
1479424227235964327,0.079471394
1479424227285769875,0.05642188
1479424227335856607,0.08090115
1479424227386290404,0.06129478
1479424227436543853,0.05473527
1479424227486060835,0.06656165
1479424227536259917,0.06363839
1479424227586233513,0.05928882
1479424227636073083,0.06050454
1479424227686318812,0.062157694
1479424227736219089,0.07865841
1479424227786160119,0.0901798
1479424227836859079,0.08421928
1479424227886150509,0.060208876
1479424227936236051,0.065783635
1479424227986397025,0.063386366
1479424228036301328,0.06490681
1479424228086358991,0.07891977
1479424228136314677,0.108050905
1479424228186257842,0.10883323
1479424228236254429,0.1047556
1479424228286602925,0.10358367
1479424228336248509,0.088808335
1479424228386309938,0.07222702
1479424228436317986,0.08559063
1479424228486419939,0.09222105
1479424228536562980,0.048586566
1479424228586522475,0.1006675
1479424228636500682,0.10951959
1479424228686222472,0.10677402
1479424228736369215,0.08404094
1479424228784863060,0.050871704
1479424228834853789,0.07713551
1479424228886866350,0.09535258
1479424228936332796,0.12869084
1479424228987008126,0.14028312
1479424229036497761,0.10944568
1479424229086316780,0.089355215
1479424229136475595,0.067852445
1479424229186407895,0.07516243
1479424229236523271,0.0934606
1479424229286682018,0.109019905
1479424229336438518,0.1010735
1479424229386643482,0.10817618
1479424229436503954,0.11895738
1479424229486521026,0.10165807
1479424229536655826,0.098022304
1479424229586669156,0.102033764
1479424229636711176,0.102800585
1479424229686498568,0.10386581
1479424229736549849,0.08790108
1479424229786590692,0.09595682
1479424229836583121,0.09662334
1479424229886570112,0.09791784
1479424229936592078,0.101771615
1479424229986675966,0.10561807
1479424230036595311,0.12298236
1479424230086740580,0.10923745
1479424230136702398,0.10863464
1479424230186668306,0.11160063
1479424230235950516,0.10897671
1479424230286663668,0.10976281
1479424230336695395,0.103593506
1479424230386764474,0.10435785
1479424230436619692,0.08976396
1479424230486654520,0.103583075
1479424230536628584,0.131654
1479424230586921805,0.123463996
1479424230636603628,0.1103622
1479424230686635969,0.10640342
1479424230737249580,0.09908007
1479424230788225618,0.06641419
1479424230836642967,0.08494385
1479424230886853699,0.0968802
1479424230936815285,0.102934495
1479424230986709664,0.10820112
1479424231038033246,0.103782594
1479424231086775847,0.105143264
1479424231136825326,0.11093022
1479424231186667839,0.10823253
1479424231236960070,0.10721132
1479424231286949761,0.08453276
1479424231339494938,0.08442748
1479424231389953340,0.10550609
1479424231436931524,0.10670263
1479424231487666298,0.107895926
1479424231537036105,0.10943757
1479424231587500167,0.1028055
1479424231636770257,0.09086069
1479424231686802710,0.08962868
1479424231736893219,0.07557268
1479424231786926520,0.050110914
1479424231836992296,0.060221873
1479424231886974239,0.06431279
1479424231937694786,0.081296474
1479424231987707415,0.099720225
1479424232037773408,0.099456586
1479424232088232997,0.095023446
1479424232137662267,0.06548192
1479424232188075513,0.057667725
1479424232237780064,0.06688871
1479424232287968823,0.06384867
1479424232337669638,0.067367636
1479424232387703548,0.09968618
1479424232437630301,0.10626061
1479424232487594832,0.10682524
1479424232537559746,0.10800001
1479424232587562737,0.10806186
1479424232637584443,0.10691868
1479424232687587173,0.09632425
1479424232737597626,0.10046842
1479424232787672894,0.07009205
1479424232837656422,0.07258894
1479424232887718920,0.10537776
1479424232937755523,0.08370291
1479424232987726119,0.09854382
1479424233037612620,0.09359727
1479424233087462143,0.0938683
1479424233138657511,0.10189909
1479424233187735589,0.10582953
1479424233238439707,0.09643547
1479424233288533772,0.10047992
1479424233337723407,0.1032622
1479424233387736899,0.108051814
1479424233437655974,0.10530605
1479424233488598826,0.09780828
1479424233537815052,0.09712707
1479424233588542843,0.09893257
1479424233637742815,0.10004948
1479424233687779200,0.067421906
1479424233737770424,0.064311005
1479424233788015062,0.08022043
1479424233837952727,0.07129588
1479424233887793212,0.0881879
1479424233935776074,0.08956522
1479424233988636567,0.085154384
1479424234038662375,0.06753735
1479424234088867694,0.084278606
1479424234138744822,0.08900417
1479424234188727909,0.082529366
1479424234238800779,0.06017081
1479424234288610188,0.07291406
1479424234338847452,0.094740026
1479424234389267800,0.09286459
1479424234438775999,0.07390008
1479424234488913688,0.08210294
1479424234538992113,0.089683555
1479424234589751013,0.10528997
1479424234638776405,0.10560867
1479424234689008288,0.119409844
1479424234739598233,0.106880836
1479424234789837297,0.10132579
1479424234838706736,0.10403824
1479424234888846342,0.07977748
1479424234939705046,0.09223983
1479424234988909643,0.097061604
1479424235038932471,0.10242937
1479424235089652156,0.11034785
1479424235139007422,0.14554088
1479424235188906113,0.12964159
1479424235238614151,0.114966795
1479424235287994575,0.09790134
1479424235337934498,0.11480924
1479424235387989558,0.10493591
1479424235437874772,0.10604728
1479424235487988261,0.09982147
1479424235537894211,0.10352048
1479424235588023781,0.108356416
1479424235638281478,0.14266925
1479424235687960563,0.17171597
1479424235737879770,0.13207844
1479424235787994291,0.11064005
1479424235838176094,0.087574884
1479424235888881403,0.077261195
1479424235938863882,0.09470159
1479424235988126919,0.14760683
1479424236038258239,0.15434991
1479424236088000712,0.1216102
1479424236138220016,0.12489536
1479424236188430165,0.110028245
1479424236238406080,0.1036431
1479424236288278671,0.118037485
1479424236338209733,0.14815734
1479424236388392503,0.13730794
1479424236438277636,0.14166948
1479424236488328962,0.1235098
1479424236538499587,0.10171775
1479424236588340567,0.115103275
1479424236638213854,0.14288117
1479424236688283590,0.14158079
1479424236738354851,0.14407094
1479424236788548160,0.14605923
1479424236838245081,0.10183519
1479424236888238878,0.13850306
1479424236938568897,0.14210716
1479424236988493987,0.14262937
1479424237038788511,0.08927594
1479424237088536534,0.06368647
1479424237138462953,0.06696178
1479424237188375312,0.06814496
1479424237238596220,0.10565881
1479424237288620354,0.10154371
1479424237338460999,0.09425011
1479424237388445941,0.06559318
1479424237438672062,0.06617352
1479424237488609071,0.065569475
1479424237539293399,0.06647478
1479424237588627939,0.097705595
1479424237639057262,0.095008165
1479424237688648061,0.11964804
1479424237738452189,0.11935909
1479424237788450700,0.09144388
1479424237839164367,0.13890634
1479424237889605528,0.13754748
1479424237938354770,0.13326427
1479424237988326860,0.12127597
1479424238038457033,0.088826574
1479424238088498222,0.10138165
1479424238138378630,0.11148498
1479424238188485204,0.11014257
1479424238239253193,0.10311271
1479424238288430793,0.09842949
1479424238338559278,0.10541615
1479424238390834361,0.10962731
1479424238438577002,0.10451717
1479424238488758887,0.10718733
1479424238538714318,0.104183964
1479424238588724959,0.10161338
1479424238638733346,0.10040946
1479424238688744774,0.09260413
1479424238738629546,0.08196976
1479424238788762041,0.09195606
1479424238838727588,0.105475865
1479424238888764797,0.12212252
1479424238938928883,0.10995056
1479424238989500393,0.11309919
1479424239039449011,0.10907588
1479424239089587169,0.09891098
1479424239138898821,0.10640243
1479424239188762746,0.096736535
1479424239239426124,0.097979695
1479424239288837939,0.10869358
1479424239338897727,0.116540134
1479424239389142132,0.1340153
1479424239438858764,0.09003512
1479424239489061150,0.09668169
1479424239538755782,0.10524763
1479424239588935772,0.10385024
1479424239638901254,0.10509585
1479424239688842722,0.09989558
1479424239738875655,0.096175
1479424239789133867,0.11190639
1479424239838815056,0.1322042
1479424239888865816,0.12830618
1479424239938901428,0.10718435
1479424239988994762,0.100308575
1479424240039646693,0.09053653
1479424240088788293,0.109518796
1479424240139007138,0.1284047
1479424240189381228,0.10999187
1479424240238892674,0.1021802
1479424240289033176,0.082531355
1479424240339637386,0.08028971
1479424240389054114,0.08595722
1479424240438956290,0.14096707
1479424240488954833,0.08775018
1479424240538974088,0.10457774
1479424240589029377,0.10449259
1479424240638992454,0.1047161
1479424240689009500,0.10520423
1479424240739212537,0.107972726
1479424240789125163,0.09074633
1479424240839712406,0.099911
1479424240889962815,0.112968914
1479424240939187476,0.10182429
1479424240989457193,0.14617035
1479424241039475637,0.15373532
1479424241089146406,0.123274066
1479424241139164255,0.101646826
1479424241189112554,0.13644902
1479424241239327988,0.1337551
1479424241289349985,0.11777058
1479424241339128728,0.15852937
1479424241389276835,0.11018022
1479424241439809057,0.1380492
1479424241489255930,0.13337208
1479424241539854682,0.10832206
1479424241590394867,0.09781847
1479424241639871168,0.067002565
1479424241689935776,0.09553472
1479424241739136800,0.13934766
1479424241789138972,0.09961315
1479424241839513046,0.14119418
1479424241889299930,0.16271129
1479424241939082288,0.12242473
1479424241989836262,0.0995658
1479424242039849176,0.096017756
1479424242089862574,0.087002054
1479424242139181762,0.13046336
1479424242189866742,0.12299412
1479424242239302418,0.106594905
1479424242289421621,0.10938562
1479424242339266833,0.11075049
1479424242389256700,0.11595451
1479424242439199275,0.12590267
1479424242489213499,0.110558726
1479424242539909334,0.100251645
1479424242589281138,0.111641735
1479424242639156512,0.14760245
1479424242689330371,0.14420702
1479424242739261563,0.11517278
1479424242789979135,0.08869133
1479424242839310987,0.099999614
1479424242889259775,0.1570701
1479424242939447582,0.15514098
1479424242989833486,0.14284946
1479424243039701418,0.10918446
1479424243089282847,0.100190274
1479424243139461963,0.110397704
1479424243189727395,0.11027457
1479424243239733089,0.12184318
1479424243289266966,0.15013225
1479424243339379924,0.12535265
1479424243389555714,0.11525634
1479424243439431056,0.12946554
1479424243489280323,0.13955535
1479424243539512100,0.107095204
1479424243589870563,0.19588985
1479424243639438270,0.13951205
1479424243689507800,0.10979801
1479424243739512847,0.15150777
1479424243789864513,0.10745133
1479424243839283307,0.067068
1479424243889347256,0.110398166
1479424243939372653,0.1000207
1479424243989391145,0.10286322
1479424244039796182,0.11051164
1479424244089429305,0.12806034
1479424244140137125,0.117307924
1479424244189426152,0.13994086
1479424244239403738,0.1407655
1479424244289391256,0.14980096
1479424244339498624,0.12442715
1479424244389469476,0.10327413
1479424244439516872,0.1082474
1479424244489461550,0.10571942
1479424244539687849,0.10828253
1479424244589460698,0.10690691
1479424244639521630,0.11030167
1479424244689479526,0.11894539
1479424244739587821,0.11991104
1479424244789552148,0.12723301
1479424244839585942,0.13670292
1479424244889450807,0.14825799
1479424244939541467,0.13012491
1479424244989455532,0.10857635
1479424245039552463,0.106034465
1479424245089540074,0.1050607
1479424245139586057,0.09678538
1479424245189397318,0.10747802
1479424245239424691,0.11550073
1479424245289496282,0.11925045
1479424245339498146,0.11352963
1479424245389641837,0.108066
1479424245438187272,0.108149424
1479424245492597263,0.10646617
1479424245542661454,0.103231765
1479424245593025054,0.10611562
1479424245639926059,0.10774763
1479424245689282985,0.10715394
1479424245739194216,0.110264465
1479424245789741900,0.124587685
1479424245839388263,0.13857253
1479424245889459813,0.13915311
1479424245939369493,0.11493964
1479424245989369414,0.11109864
1479424246039390636,0.109188356
1479424246089444831,0.11275665
1479424246139372923,0.107932895
1479424246189731630,0.10680886
1479424246239224155,0.10481847
1479424246289344396,0.102561824
1479424246339303949,0.09832466
1479424246390035097,0.10797947
1479424246439957866,0.10513871
1479424246489969498,0.107314795
1479424246540328913,0.11053803
1479424246590206670,0.15114771
1479424246639926816,0.16383067
1479424246689869715,0.14864588
1479424246741886024,0.1029824
1479424246790098395,0.09991255
1479424246839820038,0.1033843
1479424246890039463,0.10000109
1479424246939930081,0.09884042
1479424246989846041,0.096458584
1479424247040097068,0.09899823
1479424247090843609,0.104501374
1479424247140134380,0.11838025
1479424247190197953,0.14377338
1479424247240103668,0.12963937
1479424247290411230,0.16669106
1479424247340081502,0.10768217
1479424247390086308,0.07374743
1479424247437873952,0.06635169
1479424247489753526,0.06307179
1479424247539872393,0.042536672
1479424247589861996,0.05784931
1479424247639831673,0.060566414
1479424247689913511,0.042466603
1479424247737995291,0.049846593
1479424247790700966,0.019058313
1479424247840898999,0.047208842
1479424247890754534,0.06010112
1479424247940624561,0.06741805
1479424247990658244,0.10231412
1479424248040649308,0.05596445
1479424248090606908,0.019066246
1479424248140676456,0.0850934
1479424248190704965,0.046022072
1479424248240694677,0.06836456
1479424248290697497,0.040575646
1479424248338075198,0.26322532
1479424248389533642,0.24340633
1479424248439483046,0.07109814
1479424248489411350,0.13362813
1479424248539475909,0.45974016
1479424248589475982,0.18257079
1479424248639984954,0.018588966
1479424248689855476,0.017699342
1479424248739854970,0.07582084
1479424248790083878,0.045724794
1479424248840053185,0.038014676
1479424248890091447,0.05995181
1479424248940181344,0.060040865
1479424248990055822,0.061306406
1479424249040071678,0.01739357
1479424249090216465,0.06147756
1479424249140447584,0.062955655
1479424249190164782,0.065529265
1479424249238286285,0.063194364
1479424249289642527,0.06110691
1479424249340048295,0.06633079
1479424249389732590,0.019537458
1479424249439738416,0.021692201
1479424249489712567,0.019515034
1479424249539737010,0.01950912
1479424249590128708,0.07190352
1479424249640334913,0.030248538
1479424249690549272,0.04539645
1479424249740282114,0.05533114
1479424249790256683,0.054955088
1479424249840237465,0.05860371
1479424249890277741,0.029964771
1479424249940692348,0.018897584
1479424249990557122,0.019760715
1479424250040573095,0.019649472
1479424250090414640,0.020886471
1479424250140697427,0.019071473
1479424250190374846,0.025794327
1479424250242009899,0.056812856
1479424250290418326,0.0614617
1479424250340468244,0.07532032
1479424250390444233,0.20493226
1479424250440475868,0.025591359
1479424250490387401,0.06992821
1479424250540401902,0.019310756
1479424250590370360,0.019129602
1479424250640502002,0.018587545
1479424250690423244,0.019586932
1479424250744111078,0.39991403
1479424250790383246,0.054083217
1479424250840491996,0.01916241
1479424250890701299,0.04644252
1479424250940407525,0.019578977
1479424250991498850,0.065501556
1479424251042183739,0.019498555
1479424251090603347,0.019437097
1479424251140700822,0.01876819
1479424251190621356,0.018270072
1479424251240595191,0.018666446
1479424251290642248,0.018395452
1479424251340703652,0.018421791
1479424251390627414,0.018627143
1479424251440514156,0.0659542
1479424251491374452,0.068277076
1479424251540983218,0.058065247
1479424251592471730,0.096428104
1479424251641063726,0.028592147
1479424251691224816,0.018792534
1479424251740546535,0.051540323
1479424251790556793,0.023930846
1479424251840551298,0.055773467
1479424251890731424,0.05046374
1479424251941114610,0.15610097
1479424251990703273,0.018554702
1479424252040738645,0.019259483
1479424252090784308,0.06561061
1479424252141176346,0.042140625
1479424252190819458,0.015365939
1479424252240599169,0.017364735
1479424252292490862,0.015496903
1479424252340715973,0.019043995
1479424252391803560,0.85128033
1479424252440643029,0.48090407
1479424252490754013,0.018659487
1479424252540696210,0.017807515
1479424252590713288,0.050785944
1479424252641318402,0.01561024
1479424252690781541,0.013174736
1479424252740906572,0.018531427
1479424252790769138,0.01747094
1479424252840715341,0.017352719
1479424252891457114,0.2579958
1479424252940773992,0.06595092
1479424252990896827,0.044996094
1479424253041020448,0.01684521
1479424253090855169,0.017146554
1479424253140847188,0.016879363
1479424253193909362,0.067093775
1479424253240844838,0.055950675
1479424253290856996,0.017483208
1479424253340948423,0.017525326
1479424253390864435,0.016952034
1479424253441058952,0.016781114
1479424253491015756,0.016706215
1479424253541010763,0.017069884
1479424253590941802,0.01734147
1479424253640945278,0.15373623
1479424253690856140,0.0182851
1479424253741049956,0.025897045
1479424253790874738,0.01860495
1479424253841175884,0.019058673
1479424253891741367,0.062259875
1479424253941268795,0.020358535
1479424253991021560,0.021682244
1479424254040978062,0.021792458
1479424254092784555,0.01948032
1479424254141002983,0.016114887
1479424254191107101,-0.001269136
1479424254241071980,0.05733081
1479424254291895129,0.04836748
1479424254341029176,0.14674854
1479424254391162933,0.068317056
1479424254441305638,0.017392308
1479424254492945857,0.015262045
1479424254540963706,-0.001269136
1479424254591243776,0.016121225
1479424254641316352,0.015311918
1479424254691343266,0.014712042
1479424254741218384,0.064255185
1479424254791136946,0.06384413
1479424254841229682,0.078643225
1479424254891190931,0.120744936
1479424254941184190,0.009872979
1479424254991168099,0.01929215
1479424255041179857,0.019448956
1479424255091295101,0.017295813
1479424255141240255,0.02273664
1479424255191125932,0.0625192
1479424255241394750,0.02571361
1479424255291585896,0.017457815
1479424255341967613,0.018811705
1479424255391293711,0.018820513
1479424255443439620,0.018692832
1479424255491412266,0.06171722
1479424255541358144,0.08386451
1479424255591446467,0.018501073
1479424255642100659,0.017383868
1479424255691530898,0.019120041
1479424255741540744,0.044439506
1479424255791274497,0.04929778
1479424255841275472,-0.0021634747
1479424255891490308,0.0644598
1479424255941480867,0.06636084
1479424255991444556,0.016158149
1479424256041505056,0.08343459
1479424256091579054,0.017103964
1479424256141452971,0.01446597
1479424256191610260,0.0180026
1479424256241595195,0.016208518
1479424256291452260,0.014641534
1479424256341525814,0.01931184
1479424256392159751,0.077125736
1479424256441466026,0.028185202
1479424256491617033,0.05555924
1479424256541692606,0.0799158
1479424256591662727,0.023154596
1479424256641539732,0.015046577
1479424256691472899,-0.001269136
1479424256741457771,0.01767904
1479424256791710709,0.015775224
1479424256841610468,0.01722549
1479424256891707841,0.017034262
1479424256941483116,0.014120052
1479424256991636403,0.09460932
1479424257041537246,0.017529547
1479424257091781468,0.017027976
1479424257141747555,-0.001269136
1479424257191897515,0.046502646
1479424257241748093,-0.001269136
1479424257291919591,-0.001269136
1479424257339738716,-0.001269136
1479424257389678661,0.017272033
1479424257439736085,0.019493919
1479424257489831764,0.01554933
1479424257539761805,0.012278764
1479424257592512735,0.01436301
1479424257642366830,0.016827444
1479424257693146470,0.037224792
1479424257742368387,0.08891254
1479424257792524669,0.018641809
1479424257842577514,0.07551981
1479424257892413774,0.018017923
1479424257942483251,0.007196973
1479424257992637830,0.016276866
1479424258042552975,0.014802963
1479424258093222615,0.014986775
1479424258142475798,0.01275903
1479424258192533505,0.019222707
1479424258242605229,0.01785794
1479424258292740857,0.01513847
1479424258342575050,0.014757007
1479424258393328373,0.018192815
1479424258442683193,0.07342757
1479424258492565936,0.04527207
1479424258542639748,-0.001269136
1479424258592718880,0.01702649
1479424258643188503,0.017625768
1479424258692776924,0.016681477
1479424258743279965,0.013758435
1479424258793299191,0.017885452
1479424258842999148,0.044600207
1479424258892036598,0.052693717
1479424258940057871,0.035588603
1479424258991477628,0.027235385
1479424259041371292,0.018387252
1479424259090218172,-0.001269136
1479424259143316329,0.053218678
1479424259192978567,-0.001269136
1479424259242869892,-0.001269136
1479424259292818790,-0.001269136
1479424259343397299,0.01987542
1479424259392894986,0.20433976
1479424259442754316,0.12847285
1479424259492849872,0.11127003
1479424259543077957,0.09628015
1479424259592819984,0.019347493
1479424259642720126,0.06300598
1479424259692974787,0.039795924
1479424259742821874,0.018346664
1479424259793588665,0.019085951
1479424259842851971,0.037420437
1479424259892910322,0.06714604
1479424259942817047,0.14341074
1479424259993028639,-0.001269136
1479424260045725607,-0.001269136
1479424260093001440,-0.001269136
1479424260142960106,0.04458417
1479424260193118455,0.20404111
1479424260243000467,0.1571742
1479424260292967114,-0.001269136
1479424260342886049,-0.001269136
1479424260394077569,-0.001269136
1479424260442987677,-0.001269136
1479424260493026081,-0.001269136
1479424260543388215,-0.001269136
1479424260593146274,-0.001269136
1479424260643314873,0.18884699
1479424260693087641,-0.001269136
1479424260743492914,-0.001269136
1479424260793245072,-0.001269136
1479424260844223033,0.017916124
1479424260893277701,0.08796303
1479424260947985834,-0.001269136
1479424260993294938,-0.001269136
1479424261043685276,-0.006497177
1479424261093063896,-0.012757901
1479424261143276018,-0.001269136
1479424261193189283,-0.08392824
1479424261243111547,0.12876731
1479424261293924735,0.060115196
1479424261343383282,0.072921194
1479424261393378375,0.05506405
1479424261443364165,0.035614125
1479424261493455960,-0.001269136
1479424261543414613,-0.032902047
1479424261593435400,-0.02459341
1479424261643306051,-0.001269136
1479424261693865332,0.039006773
1479424261743383080,-0.001269136
1479424261793476430,0.06856064
1479424261843391580,0.027884379
1479424261893418778,-0.055461098
1479424261943396737,-0.06268008
1479424261993416663,-0.08975571
1479424262043493131,-0.040885292
1479424262093274019,-0.043652315
1479424262143434618,0.016965764
1479424262193494872,-0.034753133
1479424262243548869,-0.16734874
1479424262294452540,-0.03210951
1479424262343809039,-0.05320621
1479424262390617601,-0.02627899
1479424262443448521,-0.10475055
1479424262494227605,-0.17649749
1479424262543503772,-0.16432875
1479424262594098437,-0.17551889
1479424262643441863,-0.18014655
1479424262693521260,-0.10044583
1479424262743305110,-0.015036998
1479424262793536733,0.018820366
1479424262843529411,-0.0091311615
1479424262893495017,-0.032089464
1479424262943566260,-0.045468383
1479424262993542547,-0.060217503
1479424263043657435,-0.086963214
1479424263095083747,-0.1453736
1479424263144070157,-0.17248268
1479424263194615296,-0.16620168
1479424263243773790,-0.08081252
1479424263293695291,0.081616014
1479424263343761015,0.0659785
1479424263393702150,0.01807439
1479424263443718157,-0.001269136
1479424263494452340,-0.057922207
1479424263543672592,-0.115210585
1479424263593039211,-0.094426975
1479424263642695204,-0.051335793
1479424263692829754,0.01707987
1479424263742729638,0.08022498
1479424263792745706,0.06925705
1479424263842660916,0.047255337
1479424263893374042,-0.001269136
1479424263942734398,-0.01719324
1479424263994576531,-0.016776584
1479424264042684381,-0.014124496
1479424264092787302,-0.014667457
1479424264142698109,-0.001269136
1479424264192748159,0.016003441
1479424264242780041,0.012407274
1479424264292762335,0.0159646
1479424264343166750,0.035278093
1479424264392839148,0.047130354
1479424264442850483,0.015306969
1479424264492995128,0.012579229
1479424264541347096,0.011611266
1479424264595175595,0.0008846311
1479424264645286078,-0.013241621
1479424264695947829,-0.013412623
1479424264743782249,-0.021856496
1479424264793732359,-0.014821176
1479424264843563716,-0.001269136
1479424264893751516,-0.001269136
1479424264943711259,0.01886108
1479424264994352126,0.029291447
1479424265043547399,0.015824556
1479424265093594604,-0.016611282
1479424265143908123,-0.027845284
1479424265194982724,-0.015912196
1479424265243770585,-0.016933365
1479424265293658743,-0.013090317
1479424265344292180,-0.032057352
1479424265393756466,-0.05156899
1479424265443516053,-0.043538574
1479424265495318642,-0.05022514
1479424265543632498,0.016703956
1479424265593737273,0.01773215
1479424265644557507,0.018746287
1479424265693622632,0.018722959
1479424265743699099,0.017246483
1479424265793651250,0.0103458995
1479424265843755155,0.017411135
1479424265894512145,0.01671978
1479424265943668968,0.016974313
1479424265993752526,0.011662686
1479424266043564445,0.011628573
1479424266093738651,0.014373507
1479424266144448340,-0.014838086
1479424266195491337,0.0027066495
1479424266245247396,0.017866662
1479424266293250305,0.018329052
1479424266342792939,0.011768669
1479424266392841888,0.024098504
1479424266442975216,0.019044058
1479424266492870973,-0.0059664
1479424266542837333,-0.04112589
1479424266592946491,-0.0345588
1479424266642822666,-0.017567383
1479424266692808599,-0.001269136
1479424266742865888,-0.0033739153
1479424266792939438,-0.001269136
1479424266842858468,-0.001269136
1479424266892910707,-0.001269136
1479424266943048019,0.019727826
1479424266992895213,0.018472545
1479424267042877205,0.01894549
1479424267092961503,0.032479886
1479424267142880648,0.033776823
1479424267192926891,0.018809604
1479424267242812846,0.018566482
1479424267292896689,0.017459936
1479424267343078988,-0.001269136
1479424267392849273,0.016900241
1479424267442772699,0.05650495
1479424267492823548,0.016871737
1479424267542884354,0.018345403
1479424267592986166,0.018403027
1479424267642870708,0.014527483
1479424267693042379,0.015915811
1479424267742927012,-0.001269136
1479424267792922138,-0.001269136
1479424267842999999,-0.001269136
1479424267893091058,-0.001269136
1479424267942923999,-0.001269136
1479424267993101200,-0.001269136
1479424268043409569,0.02051005
1479424268093006296,0.030271782
1479424268143019706,0.016989598
1479424268193047363,-0.001269136
1479424268243457022,0.00022875192
1479424268293018597,0.017325452
1479424268342988412,0.018227834
1479424268393136453,0.09513352
1479424268443096464,0.03048516
1479424268493116107,0.032289933
1479424268543124128,0.018579626
1479424268593042749,0.018415397
1479424268643430060,0.016813396
1479424268693191870,0.018026946
1479424268743223135,0.019278051
1479424268794421159,0.016858358
1479424268844450661,0.01605485
1479424268893755633,0.06634009
1479424268943848380,0.051344883
1479424268993973026,0.06584545
1479424269044199889,0.08941344
1479424269093869088,0.017599862
1479424269143804322,0.019989194
1479424269194053634,0.019110458
1479424269243897462,0.017411008
1479424269293757093,0.017835045
1479424269343791826,0.01769148
1479424269394012694,0.01880743
1479424269443908891,0.078442
1479424269493947082,0.07597711
1479424269543919887,0.01825493
1479424269593844749,-0.001269136
1479424269643943984,-0.001269136
1479424269693827832,-0.001269136
1479424269743907688,-0.001269136
1479424269793834043,0.05256068
1479424269844580690,-0.0076721334
1479424269893919976,-0.001269136
1479424269943976485,0.020615885
1479424269993945370,0.031112013
1479424270044736614,-0.001269136
1479424270094004048,-0.001269136
1479424270143958106,0.0034472097
1479424270194329366,-0.001269136
1479424270244053722,0.018565267
1479424270294047508,-0.015473904
1479424270344167384,-0.001269136
1479424270391952408,-0.001269136
1479424270443305755,-0.001269136
1479424270493713125,0.016824538
1479424270544104931,0.019280137
1479424270593842123,0.02472985
1479424270645038101,0.018304704
1479424270693913046,-0.001269136
1479424270741985312,-0.025341172
1479424270792033900,-0.023858253
1479424270841987372,-0.018301312
1479424270893867956,-0.029105661
1479424270944594983,-0.030853307
1479424270993911356,-0.03075323
1479424271043866287,-0.030938609
1479424271093933691,-0.001269136
1479424271145138064,0.09821849
1479424271193909129,0.0074854624
1479424271243918385,0.060158085
1479424271293892857,0.046882305
1479424271344107966,0.056025684
1479424271394012712,0.04953301
1479424271444018497,0.019025737
1479424271494970069,0.01919941
1479424271545310396,0.019219512
1479424271596878299,0.018275307
1479424271651112391,0.017066363
1479424271697724683,0.018839642
1479424271747233515,0.018396595
1479424271797181966,0.018070532
1479424271849679496,0.018331146
1479424271898691061,0.01792327
1479424271946933780,0.018622048
1479424271997035681,0.018670348
1479424272049177493,0.018205993
1479424272097475643,-0.001269136
1479424272147247041,-0.03177694
1479424272199737390,-0.047987387
1479424272246850252,-0.054213174
1479424272296972036,-0.039824337
1479424272347080997,-0.027323892
1479424272398693780,-0.04428697
1479424272447111230,-0.042298052
1479424272497183437,-0.037337836
1479424272546822504,-0.041017856
1479424272598692127,-0.04477925
1479424272648853760,-0.001269136
1479424272697571127,-0.001269136
1479424272746994377,-0.001269136
1479424272798879561,0.018170066
1479424272849322857,-0.001269136
1479424272897445179,-0.001269136
1479424272947503434,0.019516878
1479424272997115727,0.020350995
1479424273048550941,0.041274868
1479424273098080256,-0.034865823
1479424273147697941,-0.02281191
1479424273197366336,-0.027654618
1479424273247440760,0.018834848
1479424273297516024,0.018690147
1479424273347481242,-0.001269136
1479424273397314935,-0.001269136
1479424273447709109,-0.001269136
1479424273496865705,-0.001269136
1479424273547441560,-0.001269136
1479424273597144825,-0.001269136
1479424273647230561,-0.001269136
1479424273699171133,0.019738412
1479424273747127683,0.038764533
1479424273797055675,0.018271351
1479424273847642400,-0.011935532
1479424273899360695,-0.0032978717
1479424273947645889,-0.048328828
1479424273999474723,-0.001269136
1479424274049467217,-0.001269136
1479424274097029377,-0.001269136
1479424274147430751,0.0017251242
1479424274197551504,-0.001269136
1479424274249562598,-0.001269136
1479424274300538457,-0.001269136
1479424274348583772,0.099083684
1479424274398620997,0.09841785
1479424274449329679,0.103297025
1479424274497857049,-0.001269136
1479424274547375382,-0.013149639
1479424274597863319,-0.02922364
1479424274647610339,-0.001269136
1479424274698701172,0.018930998
1479424274749648327,0.017557843
1479424274797396029,0.018702338
1479424274847715534,0.08303328
1479424274897399176,0.018684411
1479424274947983506,0.009246855
1479424274997705703,0.01806615
1479424275047356126,-0.001269136
1479424275097553398,-0.001269136
1479424275148098245,-0.016034892
1479424275199915031,-0.056715097
1479424275247315913,-0.030572927
1479424275297677020,-0.001269136
1479424275347806330,0.018432556
1479424275400508977,0.015735013
1479424275447766971,0.018563168
1479424275499140885,0.017260784
1479424275547896467,0.017184248
1479424275600141546,0.018107621
1479424275649569928,0.01801879
1479424275699376670,0.018214595
1479424275747618757,0.018878506
1479424275797584268,0.0037424408
1479424275848839656,-0.03270195
1479424275900366238,-0.024777703
1479424275949273295,-0.03852934
1479424275998041066,-0.023055501
1479424276047970628,-0.029999727
1479424276097692045,-0.05893298
1479424276150565627,-0.043483455
1479424276198134307,-0.048005044
1479424276250214205,-0.05599592
1479424276297801451,-0.050230574
1479424276348167851,-0.022593332
1479424276399659322,-0.01848714
1479424276447846409,-0.014377398
1479424276497968956,-0.014909628
1479424276550054919,-0.023605466
1479424276598171109,-0.010463007
1479424276648057284,-0.014882035
1479424276697807023,-0.01358798
1479424276747927814,-0.001269136
1479424276798210336,-0.013289873
1479424276848119207,-0.0148868365
1479424276903554261,-0.04068296
1479424276948340609,-0.058805767
1479424276998043946,-0.05663806
1479424277048054013,-0.032053396
1479424277101699596,-0.032701783
1479424277146294839,-0.03162564
1479424277196312767,-0.052651618
1479424277247052201,-0.053283397
1479424277296291516,-0.027888015
1479424277346318935,-0.019193225
1479424277396338692,-0.034669638
1479424277446341258,-0.0452864
1479424277496242321,-0.065485716
1479424277546370920,-0.07498062
1479424277597328718,-0.09355583
1479424277647865866,-0.08319265
1479424277696745833,-0.038656916
1479424277746161269,-0.046466224
1479424277797106490,-0.0297428
1479424277846596816,-0.013893619
1479424277896469444,-0.027521703
1479424277946407297,-0.03197944
1479424277997423756,-0.044092286
1479424278046956338,-0.03089938
1479424278096724755,-0.024741374
1479424278146417632,-0.036221817
1479424278196750626,-0.026496787
1479424278246654570,-0.030041853
1479424278296636140,-0.042983726
1479424278346507780,-0.047810555
1479424278396563337,-0.05093688
1479424278446426654,-0.0525002
1479424278497844672,-0.034605533
1479424278546631696,-0.028411947
1479424278596716463,-0.016388696
1479424278646554441,-0.02106542
1479424278696694503,-0.011688131
1479424278747093131,-0.001269136
1479424278797257624,0.013242327
1479424278846915735,-0.001269136
1479424278897441157,-0.001269136
1479424278947228569,0.015806802
1479424278997002023,0.009804949
1479424279047090636,0.015727688
1479424279098586400,0.059019033
1479424279146891545,0.017300298
1479424279196983611,0.017482841
1479424279247150995,0.017084155
1479424279297400103,0.029647108
1479424279347752390,0.016795414
1479424279393575241,0.015404913
1479424279444193532,0.016593648
1479424279503590881,0.017155806
1479424279550729495,0.017660452
1479424279598623738,-0.001269136
1479424279647056732,-0.015593589
1479424279698109769,-0.030831477
1479424279747212217,-0.020858394
1479424279797324734,-0.01678446
1479424279847652851,0.016958918
1479424279897235891,-0.001269136
1479424279948509576,-0.001269136
1479424279997158733,0.017436754
1479424280047347365,-0.015398706
1479424280097856970,-0.022214921
1479424280147076242,-0.014929924
1479424280197555732,0.017097436
1479424280249613900,-0.014407568
1479424280297317451,-0.001269136
1479424280347422878,-0.001269136
1479424280397328445,-0.001269136
1479424280447406033,-0.001269136
1479424280497100179,0.017025806
1479424280548963462,-0.001269136
1479424280597362269,0.015974363
1479424280651505637,-0.001269136
1479424280697393794,-0.001269136
1479424280747598978,0.01612952
1479424280797446430,0.017174842
1479424280847285277,0.017854124
1479424280897162021,0.017734615
1479424280947307638,0.015020818
1479424280997446406,-0.001269136
1479424281047397448,0.014574601
1479424281097568762,-0.0018005352
1479424281148243260,0.01653355
1479424281197326108,-0.001269136
1479424281247457742,-0.01677266
1479424281297406383,0.04584404
1479424281347540561,-0.012428684
1479424281399466431,-0.001269136
1479424281448255926,-0.001269136
1479424281497251780,-0.001269136
1479424281548406060,0.015194831
1479424281598462046,-0.004544458
1479424281647510099,0.01722884
1479424281699451170,-0.014594596
1479424281744140524,-0.015795704
1479424281796136329,-0.001269136
1479424281846146413,0.014063151
1479424281896329847,-0.001269136
1479424281946063065,0.012687265
1479424281996175453,-0.014170147
1479424282046105826,-0.013854593
1479424282096691077,-0.0123188635
1479424282145973995,-0.01329327
1479424282196177188,-0.013187929
1479424282246167330,-0.01383303
1479424282296096838,-0.0110437265
1479424282346023621,-0.001269136
1479424282396249252,-0.02323217
1479424282446199004,-0.012910538
1479424282496106071,-0.001269136
1479424282545993205,-0.010620917
1479424282596154120,-0.011764249
1479424282646098488,-0.011970823
1479424282696173803,-0.014215977
1479424282746230645,-0.013362351
1479424282796101507,-0.013073113
1479424282846252768,-0.012473321
1479424282896296125,-0.012357439
1479424282946260750,-0.0076814867
1479424282996522915,-0.001269136
1479424283046448994,-0.001269136
1479424283096713410,-0.010355524
1479424283146289236,-0.001269136
1479424283196252995,0.015708799
1479424283246216483,-0.001269136
1479424283296824816,0.01778512
1479424283346353626,-0.001269136
1479424283396334856,0.017973168
1479424283446364245,-0.015973859
1479424283497413012,-0.013270739
1479424283546251764,-0.001269136
1479424283596381298,0.018353527
1479424283646388412,0.017546687
1479424283696355546,-0.001269136
1479424283746394734,0.0185679
1479424283796431077,-0.001269136
1479424283846438337,0.018277878
1479424283896420491,0.016135165
1479424283946546551,0.015167166
1479424283996469541,0.034287285
1479424284046485478,0.033761
1479424284096453355,0.03346655
1479424284146459144,0.01805128
1479424284196495987,0.017506015
1479424284246713760,0.018366616
1479424284296499710,0.05048878
1479424284346668450,0.031454485
1479424284396435935,0.015892625
1479424284446383533,0.016801726
1479424284496534325,0.017527329
1479424284546451101,0.036604278
1479424284597073197,0.0338721
1479424284646533174,0.01769772
1479424284696544157,0.018040115
1479424284746933963,0.015786748
1479424284796649757,0.016510371
1479424284846756879,0.017022042
1479424284896627258,-0.008641813
1479424284946464997,-0.013365099
1479424284996539198,-0.011845137
1479424285046512891,-0.001269136
1479424285096546922,0.0372555
1479424285146609845,-0.00809081
1479424285196669354,-0.0029138632
1479424285246621044,-0.0031406297
1479424285296645777,0.017245797
1479424285346756790,0.038919926
1479424285396729565,0.01590341
1479424285446697759,-0.001269136
1479424285496735866,-0.001269136
1479424285546563842,-0.011595295
1479424285596748231,-0.001269136
1479424285646921698,-0.001269136
1479424285696724379,0.017956045
1479424285748186533,0.017464703
1479424285796623035,0.012422409
1479424285846723465,0.01794348
1479424285896657427,0.02688097
1479424285946747675,0.016196154
1479424285996711918,0.032123815
1479424286046872394,0.016923431
1479424286096803687,0.016803443
1479424286146890350,0.034614157
1479424286196781639,0.0144281825
1479424286246876050,-0.001269136
1479424286296787825,-0.001269136
1479424286346805344,-0.001269136
1479424286396957602,0.016884672
1479424286446889055,0.018168144
1479424286497269004,0.014046263
1479424286546921269,0.015411645
1479424286596959942,0.017148707
1479424286646890966,0.034628395
1479424286696990256,0.016666906
1479424286747064303,0.012631433
1479424286796939788,0.014853829
1479424286846961536,0.015117873
1479424286896920229,0.018094976
1479424286946984331,0.035130937
1479424286996926302,0.0059879655
1479424287046956160,0.016784202
1479424287097083369,0.017031772
1479424287147088621,0.030980062
1479424287197193799,0.03615885
1479424287247448996,-0.001269136
1479424287297023481,-0.0072865062
1479424287346988400,0.009042615
1479424287397059000,-0.001269136
1479424287447063388,0.034064155
1479424287497156876,0.014189623
1479424287547315240,-0.001269136
1479424287597045323,-0.003377744
1479424287647242527,-0.007346525
1479424287697216742,-0.001269136
1479424287747132723,0.0331477
1479424287797033757,0.04341285
1479424287847086324,0.01417669
1479424287897147420,0.010040053
1479424287947316566,0.00510115
1479424287997572219,0.006075694
1479424288047432666,0.013880582
1479424288097304144,0.015696744
1479424288147363076,0.013975253
1479424288197203162,0.013417823
1479424288250810623,0.011901927
1479424288297545701,0.015678251
1479424288347351838,0.015537877
1479424288397214792,0.014483811
1479424288447357635,0.015561662
1479424288497313847,0.016207464
1479424288547298252,0.015844572
1479424288597292056,0.0059181713
1479424288647569444,0.008969433
1479424288697229721,-0.001269136
1479424288747427668,0.003994177
1479424288797304028,0.013295673
1479424288849339926,0.0030000028
1479424288897361800,-0.001269136
1479424288947316922,-0.0063786143
1479424288997266112,-0.0020004644
1479424289047302133,-0.0056837993
1479424289097406023,-0.0041488386
1479424289147342606,-0.0062176455
1479424289197604956,-0.0077390205
1479424289247425440,-0.001269136
1479424289297391209,-0.0091206655
1479424289347424629,-0.007355707
1479424289397398300,-0.001269136
1479424289447459292,-0.001269136
1479424289497398412,0.008189284
1479424289547658980,-0.001269136
1479424289597464627,-0.001269136
1479424289647501963,-0.001269136
1479424289697528559,-0.001269136
1479424289747919304,-0.001269136
1479424289798464187,0.014240358
1479424289847473031,0.010482111
1479424289897812159,0.0122122085
1479424289948104016,0.012533873
1479424289997769165,0.015149853
1479424290047876814,0.014763357
1479424290097819948,0.00879456
1479424290147502068,0.011635319
1479424290197989159,0.01315574
1479424290247749426,0.013652634
1479424290297646291,0.015034575
1479424290347611631,-0.001269136
1479424290397706718,-0.007028125
1479424290447607729,-0.0106286565
1479424290497610325,-0.01169557
1479424290547565013,-0.001269136
1479424290597640272,-0.001269136
1479424290647999600,-0.009673194
1479424290698063646,-0.011124284
1479424290748022637,-0.014107394
1479424290797741617,-0.009114057
1479424290847625485,-0.001269136
1479424290898089331,0.014548041
1479424290947647935,0.016429212
1479424290997900603,0.017432623
1479424291047782247,0.011246533
1479424291097742995,0.014418762
1479424291147789489,0.014016781
1479424291197744527,0.015118067
1479424291247881231,0.021265283
1479424291297784270,0.015206554
1479424291347848929,0.010817925
1479424291397734513,0.009152913
1479424291448018228,0.0040391977
1479424291497843169,0.009148098
1479424291547914796,0.014597613
1479424291597720802,0.012962255
1479424291647728296,0.014171905
1479424291698054477,0.014880043
1479424291748061588,0.009157642
1479424291797932869,0.0091631105
1479424291847862569,0.01211406
1479424291897969550,0.014856617
1479424291947841372,0.014133963
1479424291997858171,0.015644658
1479424292047961474,0.016723467
1479424292097957077,0.016602425
1479424292148029021,0.036730997
1479424292197885764,0.040350422
1479424292248091255,0.05551728
1479424292297939264,0.055364918
1479424292348010220,0.03308122
1479424292398040252,0.04326647
1479424292448045672,0.0175159
1479424292498019387,0.01461714
1479424292548483659,-0.001269136
1479424292597937463,-0.001269136
1479424292648028368,-0.001269136
1479424292697947498,-0.001269136
1479424292747909073,0.01829134
1479424292797878225,0.017521031
1479424292847925002,0.016517723
1479424292897984052,0.030587498
1479424292948108578,0.03727404
1479424292998030358,0.06887486
1479424293048083271,0.057373695
1479424293098400937,0.09301765
1479424293148495488,0.061944425
1479424293197960198,0.0625504
1479424293248208395,0.05740995
1479424293298450045,0.05102521
1479424293348003568,0.052673098
1479424293397931819,0.061490685
1479424293448171869,0.03375567
1479424293498306385,0.030701974
1479424293548342440,-0.001269136
1479424293598088604,-0.001269136
1479424293648063994,-0.001269136
1479424293698082161,-0.001269136
1479424293748100483,-0.001269136
1479424293798160104,-0.001269136
1479424293848096797,-0.011738705
1479424293898178735,-0.010088699
1479424293948162418,-0.009315558
1479424293998237878,-0.0094385175
1479424294048541460,0.055105653
1479424294098204098,0.06079251
1479424294148272211,0.061179798
1479424294198145021,0.01742569
1479424294248340695,-0.001269136
1479424294298221447,-0.001269136
1479424294348498912,-0.001269136
1479424294398166764,0.016392302
1479424294448288418,0.016710667
1479424294496230951,-0.001269136
1479424294547991876,0.016547456
1479424294597727398,0.017726876
1479424294647740039,0.044602375
1479424294697721625,0.017936356
1479424294747897435,-0.001269136
1479424294797707125,-0.009895002
1479424294849154433,-0.01100964
1479424294900897732,-0.0113576995
1479424294949140748,0.018168315
1479424294999903116,0.017277755
1479424295049092093,0.017399317
1479424295099154782,-0.021539653
1479424295149270520,-0.015484298
1479424295200029187,-0.013248587
1479424295249615928,-0.011365571
1479424295299501253,-0.013608547
1479424295349384899,-0.009501201
1479424295399419083,-0.008489563
1479424295449416199,-0.0114361495
1479424295499184457,-0.013055029
1479424295549594768,-0.016116451
1479424295599391685,-0.015397073
1479424295649435310,-0.015971605
1479424295699287114,-0.014130546
1479424295749405875,-0.01655208
1479424295799387338,-0.018808443
1479424295849394422,-0.010885394
1479424295899351325,-0.011343024
1479424295949525671,-0.018202027
1479424295999339232,-0.028834136
1479424296049295012,-0.014895987
1479424296099416098,-0.011693881
1479424296149420092,-0.0069381185
1479424296199364882,-0.001269136
1479424296249322503,-0.011508873
1479424296299950103,-0.006308487
1479424296351619360,-0.0042714607
1479424296399420271,-0.001269136
1479424296450543106,-0.001269136
1479424296500563918,-0.014434409
1479424296549533071,-0.028087806
1479424296599686108,-0.013833479
1479424296649762061,-0.01311609
1479424296699329469,-0.016366787
1479424296749531244,-0.012291044
1479424296799830422,-0.01637552
1479424296849675434,-0.014847425
1479424296899565651,-0.013589096
1479424296949679033,-0.001269136
1479424297000622963,-0.0112745855
1479424297050457289,-0.001269136
1479424297099552723,-0.001269136
1479424297150627093,-0.001269136
1479424297199597284,-0.001269136
1479424297250177611,-0.001269136
1479424297299759824,-0.001269136
1479424297349576386,-0.001269136
1479424297399749744,-0.001269136
1479424297449566506,-0.001269136
1479424297499673467,-0.001269136
1479424297549714486,0.016193707
1479424297599671748,-0.001269136
1479424297649795283,-0.001269136
1479424297700596831,-0.001269136
1479424297749914663,-0.001269136
1479424297800215958,-0.001269136
1479424297850207042,-0.001269136
1479424297900438956,-0.001269136
1479424297950255903,-0.001269136
1479424297998842236,-0.001269136
1479424298048839412,-0.001269136
1479424298098667946,0.016925145
1479424298148745167,0.019007199
1479424298198688123,-0.015298493
1479424298249299961,-0.002738002
1479424298299425838,-0.0063010724
1479424298348819397,-0.001269136
1479424298398872417,-0.001269136
1479424298448994790,-0.001269136
1479424298498780146,-0.001269136
1479424298549052456,0.014935292
1479424298598827914,0.017157331
1479424298649583542,0.018357087
1479424298698873638,0.018634949
1479424298749022525,0.0185
1479424298798772542,0.01952534
1479424298848846267,0.01815844
1479424298898800167,0.015637472
1479424298948874741,0.010224313
1479424298998899324,-0.001269136
1479424299048855007,-0.001269136
1479424299098788415,-0.001269136
1479424299148852487,-0.001269136
1479424299198877838,-0.001269136
1479424299248915737,0.017642822
1479424299298936189,0.017058345
1479424299349011740,0.015780129
1479424299398957960,-0.001269136
1479424299449512002,0.015181988
1479424299499733188,0.01699722
1479424299549181101,0.016189894
1479424299599233810,-0.001269136
1479424299649110827,-0.001269136
1479424299699100518,-0.001269136
1479424299749181383,-0.001269136
1479424299799077742,-0.001269136
1479424299849235280,-0.001269136
1479424299899093737,-0.001269136
1479424299949203654,0.017498214
1479424299999192452,0.017903527
1479424300049220701,0.013426232
1479424300099132230,-0.001269136
1479424300149165426,-0.001269136
1479424300199333700,-0.001269136
1479424300249377084,-0.01281547
1479424300299241937,0.016237292
1479424300349349804,0.015315474
1479424300399296552,0.015810229
1479424300449200151,-0.001269136
1479424300499287689,-0.001269136
1479424300549399227,-0.001269136
1479424300599225010,-0.001269136
1479424300649581395,-0.001269136
1479424300699330044,0.01705301
1479424300749365662,-0.001269136
1479424300799801347,-0.001269136
1479424300849454615,-0.001269136
1479424300901027500,-0.001269136
1479424300949817548,-0.001269136
1479424300999278533,-0.001269136
1479424301049424832,-0.001269136
1479424301099608239,-0.001269136
1479424301149497836,-0.001269136
1479424301199269761,-0.001269136
1479424301249399433,-0.001269136
1479424301299332616,0.021527493
1479424301349595625,-0.001269136
1479424301399446185,-0.001269136
1479424301449399111,-0.001269136
1479424301499504317,-0.001269136
1479424301550147345,0.017248068
1479424301599475218,0.014496856
1479424301649473965,-0.001269136
1479424301699339448,-0.001269136
1479424301749452128,-0.001269136
1479424301799396253,0.019003063
1479424301849938380,0.060015306
1479424301899323825,0.06647504
1479424301949491174,0.047243882
1479424301999639180,0.017360369
1479424302049501269,-0.001269136
1479424302099444371,-0.001269136
1479424302149540281,0.017667457
1479424302199324717,-0.001269136
1479424302249435372,-0.001269136
1479424302299414897,0.04180645
1479424302349506205,0.015395655
1479424302399578478,0.013685861
1479424302449481786,0.015592015
1479424302499626530,0.014982733
1479424302549823625,0.009525516
1479424302603253462,0.011454247
1479424302649647017,0.013638007
1479424302699626752,0.009758021
1479424302749773856,0.01684727
1479424302799782705,0.029180422
1479424302849735522,0.017182762
1479424302899840786,0.017211918
1479424302949644787,-0.001269136
1479424302999602658,-0.001269136
1479424303049746276,-0.001269136
1479424303099711965,-0.001269136
1479424303149860402,-0.001269136
1479424303199709243,-0.001269136
1479424303249667351,-0.001269136
1479424303299701797,-0.001269136
1479424303349756553,-0.001269136
1479424303399647043,-0.001269136
1479424303449874295,-0.001269136
1479424303499772220,0.017884433
1479424303549690543,0.01737764
1479424303597855248,0.023574315
1479424303648076376,0.01858563
1479424303701447209,-0.001269136
1479424303750664387,-0.001269136
1479424303800861844,0.015045245
1479424303850802525,0.01681568
1479424303900722216,0.01545508
1479424303951560753,0.013913591
1479424304000598504,0.014899772
1479424304050886311,0.012774018
1479424304101043216,0.00947967
1479424304150803686,0.01401435
1479424304200905102,0.017072236
1479424304251503298,0.017624022
1479424304301188477,0.012456789
1479424304351092224,-0.001269136
1479424304402940639,-0.001269136
1479424304450849768,-0.001269136
1479424304500944782,-0.001269136
1479424304551803546,-0.001269136
1479424304600996910,0.012033613
1479424304650885488,0.01703851
1479424304698207975,0.017071078
1479424304748327757,0.017382061
1479424304799629522,0.015509386
1479424304850767727,0.012642671
1479424304900628906,0.011079634
1479424304950360504,-0.001269136
1479424305000759358,-0.001269136
1479424305050786670,-0.001269136
1479424305100371213,-0.028810646
1479424305150560098,-0.011050138
1479424305200302211,-0.001269136
1479424305250656968,-0.001269136
1479424305300344411,-0.001269136
1479424305350099978,-0.016997116
1479424305400190390,-0.013637469
1479424305450189384,-0.014025667
1479424305500548570,0.0005816618
1479424305550307704,-0.001269136
1479424305600336284,-0.012579128
1479424305650275672,-0.012350027
1479424305700370334,-0.011295679
1479424305750418800,-0.001959343
1479424305800335526,-0.008269372
1479424305850268184,-0.013619032
1479424305900382599,-0.018405562
1479424305950869732,-0.009749924
1479424306000390226,-0.006232727
1479424306050445677,-0.001269136
1479424306100440891,0.00964302
1479424306150326456,0.0014042594
1479424306200664728,0.017671715
1479424306250389491,0.017645067
1479424306301270316,-0.010376584
1479424306350866631,-0.001269136
1479424306400365441,0.013802282
1479424306450313846,-0.001269136
1479424306500340446,-0.001269136
1479424306550824762,0.014082771
1479424306600339898,0.016173484
1479424306654587585,-0.001269136
1479424306700484598,-0.001269136
1479424306750386599,-0.001269136
1479424306800371330,-0.001269136
1479424306850980049,0.016712712
1479424306900880162,0.009399084
1479424306950445531,-0.001269136
1479424307000712355,0.018656557
1479424307050459901,0.01581283
1479424307100579608,-0.001269136
1479424307150600545,-0.0013694286
1479424307200423580,-0.0046950676
1479424307250959589,-0.001269136
1479424307300465681,0.01563272
1479424307350453231,0.01871831
1479424307400479702,0.017931074
1479424307450914645,0.013438118
1479424307500603969,-0.001269136
1479424307550429584,-0.001269136
1479424307600468210,-0.001269136
1479424307650431413,-0.001269136
1479424307700513330,0.016569428
1479424307750563687,0.019130157
1479424307800607042,-0.001269136
1479424307850601907,-0.001269136
1479424307900718356,-0.001269136
1479424307950645011,-0.001269136
1479424308000586567,-0.001269136
1479424308050611533,-0.001269136
1479424308100649676,0.01675605
1479424308150651589,0.037948627
1479424308200737339,0.018499685
1479424308251009792,0.01889289
1479424308300686395,0.024214087
1479424308350587050,0.017701963
1479424308400580036,0.013887897
1479424308450762101,0.015720531
1479424308500652652,0.0067146732
1479424308550814059,0.017312597
1479424308601033998,0.017489363
1479424308650710642,-0.001269136
1479424308700723545,-0.001269136
1479424308750645314,0.01841207
1479424308800693834,0.018132297
1479424308850821935,0.018169416
1479424308900694417,-0.001269136
1479424308950828439,-0.001269136
1479424309000690041,-0.001269136
1479424309051203250,0.018410541
1479424309100721562,0.10807477
1479424309150714973,0.09486685
1479424309200801174,0.08398383
1479424309250769471,-0.001269136
1479424309300884092,-0.001269136
1479424309350730582,-0.001269136
1479424309400860531,-0.001269136
1479424309450959260,-0.001269136
1479424309500914982,-0.001269136
1479424309551474485,-0.001269136
1479424309600968071,-0.001269136
1479424309651072292,0.017980838
1479424309700995031,-0.001269136
1479424309751416601,0.062297318
1479424309801034025,0.015006466
1479424309851539142,-0.001269136
1479424309901013720,-0.001269136
1479424309951100259,-0.001269136
1479424310001112187,0.053094506
1479424310051082370,0.07751662
1479424310101195610,0.075142436
1479424310151065628,0.018772354
1479424310201055912,-0.001269136
1479424310250974231,0.01828369
1479424310301084494,0.08149467
1479424310351072113,0.037224397
1479424310401229719,0.06486681
1479424310451171326,0.015473653
1479424310501163322,0.013721458
1479424310551074325,-0.001269136
1479424310601189785,0.01683878
1479424310651240283,0.01873092
1479424310701319921,0.021918636
1479424310751263100,0.08131114
1479424310801111953,0.06387474
1479424310851201826,-0.001269136
1479424310901238332,0.030265328
1479424310951131160,0.008583232
1479424311001120000,-0.001269136
1479424311051266641,0.057222057
1479424311101254427,0.062368594
1479424311151714246,0.055518627
1479424311201193587,0.056525126
1479424311251260863,0.043273933
1479424311301211928,0.06039136
1479424311351247564,0.061046004
1479424311401215363,0.02743512
1479424311451600716,0.020551212
1479424311501284013,0.018426856
1479424311551124428,0.047244266
1479424311601276930,0.01769627
1479424311651312605,0.040784083
1479424311701210036,0.03556272
1479424311751187750,0.034585882
1479424311801155477,0.035786767
1479424311851197016,-0.001269136
1479424311901245783,-0.0005165377
1479424311951307409,0.08188131
1479424312001612210,0.092403464
1479424312051461404,0.094692275
1479424312101379154,0.061403587
1479424312151550319,0.036992703
1479424312201458041,0.018259622
1479424312251365286,0.015648082
1479424312302517685,0.017146459
1479424312351390688,0.017049113
1479424312401310615,0.03519992
1479424312451347793,0.032895334
1479424312501430369,0.01745081
1479424312551752346,0.07214878
1479424312601434631,0.012546022
1479424312651470664,0.004933699
1479424312704240746,0.016085386
1479424312754201922,0.027178876
1479424312801727772,0.033437844
1479424312851474023,0.030867245
1479424312901527882,0.017493043
1479424312951677447,-0.001269136
1479424313001497377,-0.001269136
1479424313051597659,-0.001269136
1479424313101478344,0.017149923
1479424313149667379,0.050561544
1479424313202448307,0.06411939
1479424313252267724,0.053104267
1479424313302349558,0.06307394
1479424313352718909,0.060524367
1479424313402720838,0.022070417
1479424313454372614,-0.001269136
1479424313502355172,-0.001269136
1479424313552424249,-0.001269136
1479424313603528341,-0.001269136
1479424313652840143,-0.001269136
1479424313702868786,0.015690863
1479424313752791285,0.0056200195
1479424313803095445,-0.001269136
1479424313853098126,-0.001269136
1479424313902730784,0.05293498
1479424313952696749,0.056625158
1479424314003370463,0.01794561
1479424314052369626,0.03560471
1479424314102599666,0.037068926
1479424314152527961,0.052057978
1479424314199739580,0.051420342
1479424314250640681,0.047457155
1479424314301647887,0.04811163
1479424314351017459,0.019371197
1479424314401320782,0.03506867
1479424314449799171,0.053319182
1479424314501850363,-0.001269136
1479424314552801432,-0.001269136
1479424314601938590,0.015656011
1479424314651755044,0.045744766
1479424314701988635,-0.001269136
1479424314751893998,-0.00957857
1479424314801923961,-0.001269136
1479424314851882259,0.01359726
1479424314901886025,0.019176861
1479424314949882047,0.02588613
1479424315001367115,0.014408771
1479424315051865045,0.040622015
1479424315101910716,0.035410363
1479424315152105921,0.017240832
1479424315201952333,0.04399993
1479424315251925533,0.046470556
1479424315301813465,0.033236414
1479424315351919502,0.0383831
1479424315402131162,0.036491092
1479424315452066277,0.016987255
1479424315502306306,0.01502542
1479424315551828742,0.015101345
1479424315602344249,0.017111998
1479424315652230545,0.02457289
1479424315702027152,0.017994931
1479424315752143548,0.015641714
1479424315802358994,0.010754616
1479424315852289784,0.016117224
1479424315902068536,0.017984293
1479424315952082255,0.016438833
1479424316002171900,0.01309275
1479424316052574586,-0.001269136
1479424316102381337,-0.001269136
1479424316152328107,-0.001269136
1479424316202446391,-0.001269136
1479424316252173776,-0.001269136
1479424316302382143,-0.001269136
1479424316352287674,0.017370135
1479424316402242605,0.03612193
1479424316452134382,0.059995595
1479424316502319201,0.06559165
1479424316552350998,0.016988251
1479424316602214452,-0.001269136
1479424316652029941,-0.001269136
1479424316702387037,-0.001269136
1479424316752464538,-0.007023061
1479424316802224317,0.016488222
1479424316852213098,-0.001269136
1479424316902170271,0.0007721767
1479424316952456324,-0.001269136
1479424317002285685,0.010425513
1479424317052069764,-0.001269136
1479424317102243497,0.012179701
1479424317156133720,-0.001269136
1479424317202248296,0.0148942415
1479424317252381618,-0.001269136
1479424317302789648,-0.001269136
1479424317352257199,-0.001269136
1479424317402415221,0.014649517
1479424317452216715,0.009589917
1479424317502162901,-0.001269136
1479424317552188212,0.03748208
1479424317602233409,0.035547607
1479424317652185888,0.034765277
1479424317702253428,0.01789518
1479424317752215114,0.015393363
1479424317802187496,0.012663592
1479424317852361711,0.015063478
1479424317902309837,0.015829165
1479424317952210053,0.015338262
1479424318002343519,0.014000172
1479424318052309395,0.013510744
1479424318102571917,0.016235359
1479424318152402509,0.017470632
1479424318200391410,0.017571524
1479424318251868341,0.019145347
1479424318301827182,0.031954866
1479424318351801828,0.030138751
1479424318401765833,0.015670551
1479424318451787068,-0.001269136
1479424318502402845,-0.013739362
1479424318552538431,-0.0132784
1479424318602311780,-0.001269136
1479424318652537996,-0.02615341
1479424318702771593,-0.013783721
1479424318752401154,-0.014412919
1479424318803084680,-0.001269136
1479424318852521454,-0.001269136
1479424318902456352,-0.001269136
1479424318952542144,-0.001269136
1479424319002575132,-0.001269136
1479424319052548399,-0.001269136
1479424319102621969,-0.001269136
1479424319152378681,-0.021370891
1479424319202454180,-0.02004449
1479424319252590648,-0.011095155
1479424319302738658,-0.001269136
1479424319352385878,-0.001269136
1479424319402445977,-0.014039347
1479424319452551396,-0.031509195
1479424319502653776,-0.026509158
1479424319552979322,-0.030733338
1479424319602541635,-0.021102855
1479424319652679736,-0.001269136
1479424319702660015,0.06088909
1479424319752934633,0.01788813
1479424319802717667,0.018231397
1479424319852703407,0.017986527
1479424319902669499,0.016654462
1479424319952711781,0.01867843
1479424320002930676,0.018415535
1479424320052660414,0.01897865
1479424320102733973,0.017932778
1479424320152674246,0.017011682
1479424320202772364,0.034237415
1479424320254649078,0.03219461
1479424320302625468,0.017178897
1479424320353009533,0.017306948
1479424320402672603,0.016309721
1479424320452620223,0.029071165
1479424320502748314,0.031594742
1479424320553277005,0.023936631
1479424320602768497,0.015551505
1479424320653201634,0.014281987
1479424320703244301,0.012592589
1479424320753646416,0.014064855
1479424320802757472,0.015799433
1479424320853252602,0.01590507
1479424320902746094,0.016376106
1479424320953181334,0.02820973
1479424321002765102,0.028853223
1479424321052913433,0.028578585
1479424321102831475,0.015695369
1479424321152888453,0.012126796
1479424321202849247,0.013945672
1479424321252933366,0.017197186
1479424321302876577,0.03510448
1479424321352873126,0.029322784
1479424321402970941,0.027792294
1479424321452842148,0.029559406
1479424321503429822,0.016875366
1479424321553046458,0.017013693
1479424321603157812,0.032254692
1479424321653132909,0.03401139
1479424321702890608,0.034304187
1479424321753331526,0.013472165
1479424321802915551,0.030231021
1479424321852982627,0.03349483
1479424321902998270,0.03415151
1479424321952935627,0.030729197
1479424322003073267,0.03424086
1479424322052850390,0.03715046
1479424322103030608,0.056205902
1479424322153475566,0.07031544
1479424322202918812,0.093233906
1479424322253130034,0.10287862
1479424322303010696,0.095941685
1479424322353038140,0.106166735
1479424322403700506,0.16868357
1479424322453087560,0.1085203
1479424322503066305,0.14412053
1479424322553114599,0.14575817
1479424322603135697,0.10686798
1479424322653195707,0.12641081
1479424322703137283,0.111944325
1479424322753223238,0.10853698
1479424322803254970,0.16127788
1479424322853455944,0.10583549
1479424322903125242,0.09931416
1479424322953206451,0.10101359
1479424323001121195,0.10337089
1479424323051614799,0.10073722
1479424323103569759,0.09018519
1479424323153091452,0.069066994
1479424323203825059,0.06463514
1479424323253263421,0.056857925
1479424323303137438,0.072663516
1479424323356036243,0.13778494
1479424323403215390,0.16609406
1479424323453360491,0.14879118
1479424323503391447,0.19293651
1479424323553283765,0.10797513
1479424323603821174,0.065443456
1479424323653166651,0.12338562
1479424323703140928,0.123592906
1479424323753151515,0.1474611
1479424323803339662,0.2656506
1479424323853180797,0.47121868
1479424323903432866,0.07559278
1479424323953905019,0.109042905
1479424324003344015,0.18484065
1479424324053222635,0.070262656
1479424324103389417,0.06441594
1479424324153466943,0.029863872
1479424324203340319,0.040987957
1479424324253509645,0.018416917
1479424324303451307,0.03513904
1479424324353976271,0.044663813
1479424324403304527,0.061638832
1479424324454163184,0.049278636
1479424324503519463,0.052847523
1479424324553401496,0.049640868
1479424324603503393,0.064508215
1479424324653481318,0.049484454
1479424324704186851,0.21419221
1479424324756345551,0.023896141
1479424324803506114,0.04714341
1479424324853391018,0.03694136
1479424324904335937,0.042253807
1479424324953407110,0.06140574
1479424325003898259,0.08810694
1479424325053628241,0.06507347
1479424325103621461,0.06638042
1479424325153488796,0.08275213
1479424325204287777,0.0826819
1479424325253631267,0.07380084
1479424325304392392,0.08078638
1479424325353898543,0.080927104
1479424325403679617,0.09398118
1479424325453534895,0.08489039
1479424325503734246,0.07409296
1479424325553863856,0.076031774
1479424325604272599,0.08564168
1479424325653641391,0.07527549
1479424325703639467,0.08473268
1479424325753670353,0.06607791
1479424325803624941,0.06161883
1479424325853590902,0.056025792
1479424325903792136,0.05083306
1479424325953738868,0.046752524
1479424326004501325,0.040729567
1479424326053839787,0.04161449
1479424326104435427,0.058312602
1479424326153776115,0.03568416
1479424326204566130,0.04638695
1479424326253656980,0.031144321
1479424326303899344,0.027557917
1479424326353876983,0.024484564
1479424326403865820,0.030656276
1479424326453926797,0.026601769
1479424326504135884,0.016518163
1479424326553798431,0.012073479
1479424326604061969,0.014232673
1479424326654699881,0.023685874
1479424326704260889,0.028350847
1479424326751900306,0.03195461
1479424326801853687,0.027166562
1479424326851955779,0.025569268
1479424326903815119,0.03371518
1479424326954186539,0.029524542
1479424327003950760,0.031446967
1479424327054001052,0.028641174
1479424327104007438,0.030175285
1479424327153955710,0.03233907
1479424327204075491,0.02867658
1479424327253915079,0.027265975
1479424327304042498,0.027071577
1479424327354054421,0.019440653
1479424327403954276,0.025326556
1479424327454210252,0.0228077
1479424327504242842,0.02135799
1479424327554146931,0.029063012
1479424327604203634,0.028962081
1479424327654146979,0.02470138
1479424327704269957,0.022687906
1479424327754220867,0.020707138
1479424327804410916,0.020235194
1479424327854492855,0.02414912
1479424327904136827,0.023214938
1479424327954318959,0.023798311
1479424328004356516,0.02689179
1479424328052180530,0.037079666
1479424328107525494,0.054893702
1479424328156995061,0.060452525
1479424328206395771,0.0643421
1479424328256643251,0.06597265
1479424328306140816,0.06358771
1479424328356289212,0.059664354
1479424328407458754,0.033466123
1479424328457891795,0.026951268
1479424328507925425,0.014054326
1479424328557543175,0.01576996
1479424328607309859,0.015502621
1479424328657508458,0.03329614
1479424328706569683,0.017431386
1479424328757029515,0.016400954
1479424328806333877,0.029429702
1479424328856420544,0.031126643
1479424328906230341,0.035526033
1479424328960163434,0.06765355
1479424329006239066,0.06663415
1479424329056349799,0.08823456
1479424329106148245,0.088180155
1479424329156232136,0.08063449
1479424329206214506,0.07431592
1479424329256235412,0.06929932
1479424329307062932,0.06598335
1479424329356379850,0.064885736
1479424329406284222,0.05833501
1479424329457231071,0.047704645
1479424329507924095,0.044492703
1479424329556800111,0.034922563
1479424329606444747,0.03551683
1479424329656446289,0.015290633
1479424329707476549,0.016192744
1479424329759481220,0.017074108
1479424329806814526,0.03800792
1479424329857029457,0.05118923
1479424329906531668,0.06416778
1479424329961495425,0.06469846
1479424330011385587,0.06380526
1479424330056586942,0.06774263
1479424330106394533,0.065253735
1479424330156453639,0.06630894
1479424330206710883,0.06489464
1479424330258006647,0.06781027
1479424330306612490,0.089251354
1479424330357489072,0.0720281
1479424330407883200,0.09241356
1479424330457590869,0.09346336
1479424330507606261,0.08303389
1479424330557132451,0.071816765
1479424330606734583,0.07752678
1479424330656612151,0.0748767
1479424330707737991,0.0685421
1479424330756798896,0.05582712
1479424330806765974,0.060261957
1479424330856745399,0.082820244
1479424330906881657,0.080340974
1479424330959685140,0.06890604
1479424331006754760,0.06793265
1479424331056530272,0.059640013
1479424331109472339,0.061114784
1479424331156644774,0.04637356
1479424331206642195,0.06316429
1479424331260175476,0.059814382
1479424331308052143,0.06537547
1479424331357195503,0.059760667
1479424331406626137,0.037799302
1479424331456878147,0.049976584
1479424331507094209,0.062582314
1479424331557053605,0.062285934
1479424331608222878,0.06265329
1479424331656862461,0.061962273
1479424331708306922,0.057446
1479424331756577673,0.051521983
1479424331806721529,0.05838769
1479424331857007629,0.06068934
1479424331908343885,0.06500978
1479424331957078584,0.063063025
1479424332007247337,0.06392974
1479424332057193525,0.065412216
1479424332108220009,0.06648657
1479424332157276063,0.06781923
1479424332207288092,0.094757445
1479424332256979821,0.083274886
1479424332308563840,0.07799014
1479424332356997931,0.06624411
1479424332410397964,0.06525049
1479424332457094621,0.063500986
1479424332507005871,0.06396333
1479424332557871826,0.07801075
1479424332607367779,0.08267106
1479424332657162194,0.08810368
1479424332708595626,0.07042788
1479424332757183349,0.047471173
1479424332808647288,0.014673091
1479424332857134413,0.0033703623
1479424332907181755,0.015203111
1479424332957122565,0.034671687
1479424333007760199,0.06306304
1479424333057623432,0.06307476
1479424333107584188,0.061282728
1479424333158036294,0.04670199
1479424333207526955,0.052635193
1479424333257749042,0.048907805
1479424333307472945,0.035434082
1479424333358789555,0.03509033
1479424333407580654,0.01708603
1479424333458079411,0.04533843
1479424333509211471,0.03356798
1479424333557606119,0.031458914
1479424333607451580,0.017112518
1479424333658662196,0.015766084
1479424333708977065,0.01534118
1479424333758701706,0.029344557
1479424333808683137,0.030504376
1479424333857522641,0.013543243
1479424333909046919,0.010222394
1479424333957509475,0.015783448
1479424334007740320,0.015641661
1479424334057670296,0.015596802
1479424334107772261,0.01609872
1479424334157828099,0.013844208
1479424334209252513,0.015135054
1479424334258869745,0.0045967754
1479424334310918978,-0.001269136
1479424334358913312,0.014066306
1479424334409652820,0.014412131
1479424334459117583,0.03511703
1479424334508992584,0.048365574
1479424334558836952,0.07039416
1479424334611998714,0.087517604
1479424334660416907,0.091401614
1479424334707844819,0.0831607
1479424334757807758,0.067608126
1479424334807940768,0.064808175
1479424334858385457,0.05510124
1479424334907812713,0.04171317
1479424334957773167,0.05702645
1479424335007802535,0.06677452
1479424335058363376,0.10682748
1479424335107925610,0.09701148
1479424335157524841,0.109462775
1479424335208117912,0.10617584
1479424335257991539,0.10953835
1479424335308028239,0.098310135
1479424335357803852,0.14915095
1479424335409004490,0.124545336
1479424335457579562,0.12357515
1479424335508067677,0.1013194
1479424335557790503,0.06896008
1479424335607607058,0.063685514
1479424335657878187,0.06503334
1479424335707976287,0.0663729
1479424335757783121,0.08933026
1479424335809166293,0.10801446
1479424335857854711,0.10505759
1479424335907898794,0.09204519
1479424335958095924,0.10001724
1479424336008058969,0.07950632
1479424336058962496,0.048917305
1479424336109196732,0.037470367
1479424336158330131,0.04236253
1479424336208676949,0.055183437
1479424336258091614,0.056385517
1479424336307766395,0.058832437
1479424336358281344,0.06009025
1479424336408087017,0.08081991
1479424336458257664,0.068595245
1479424336509276908,0.068105005
1479424336562945443,0.06617329
1479424336609292355,0.05795928
1479424336658280728,0.06326196
1479424336708108778,0.063616306
1479424336758087640,0.033135973
1479424336808414311,0.01490009
1479424336859319275,0.028476318
1479424336909836068,0.029815674
1479424336959536157,0.057725303
1479424337009514328,0.067288265
1479424337059643930,0.059143987
1479424337109222550,0.05663799
1479424337159272972,0.056178678
1479424337209157581,0.043749385
1479424337258327614,0.05481643
1479424337308190270,0.046674035
1479424337358263956,0.039221045
1479424337408268680,0.047675222
1479424337458575959,0.064953774
1479424337508266162,0.06689305
1479424337558507880,0.07262402
1479424337609370731,0.07901348
1479424337658085666,0.090324834
1479424337708386345,0.1081045
1479424337758331134,0.08945843
1479424337808206414,0.078313336
1479424337858433112,0.10649425
1479424337909231705,0.07609161
1479424337960547648,0.0779372
1479424338009325673,0.061326884
1479424338059373545,0.07434023
1479424338108578540,0.13700144
1479424338158225651,0.12799592
1479424338208351542,0.10984867
1479424338258438727,0.092351384
1479424338308288852,0.05978997
1479424338358179436,0.062684916
1479424338408410828,0.064241186
1479424338458339876,0.06543574
1479424338508374880,0.07906354
1479424338558146688,0.092301205
1479424338608364821,0.097015835
1479424338658235761,0.09558833
1479424338708566088,0.079291716
1479424338758035913,0.052774556
1479424338808267519,0.055053633
1479424338858495777,0.064746335
1479424338909813833,0.06457735
1479424338959898553,0.06521043
1479424339008386030,0.062411483
1479424339059330587,0.07063153
1479424339111772837,0.1001293
1479424339158238806,0.06583977
1479424339208249941,0.07992444
1479424339258115942,0.070174545
1479424339308191727,0.068642326
1479424339358213582,0.05665513
1479424339408939990,0.043456655
1479424339458252522,0.04138669
1479424339508304195,0.058173656
1479424339558412947,0.06206841
1479424339608281654,0.07937455
1479424339658514503,0.07459426
1479424339708979180,0.028997822
1479424339758434547,0.018333293
1479424339808605569,0.020499296
1479424339859173325,0.034545694
1479424339909119124,0.050628673
1479424339959707711,0.056199715
1479424340010810145,0.08211078
1479424340059165691,0.07948192
1479424340111877418,0.08394057
1479424340159309054,0.06482825
1479424340208467468,0.07989192
1479424340258192220,0.053665586
1479424340309129798,0.065652475
1479424340359555508,0.05707854
1479424340409236848,0.06581794
1479424340460923162,0.06633716
1479424340508411393,0.06460226
1479424340558950241,0.08506212
1479424340608626003,0.08321298
1479424340658390066,0.08889528
1479424340709000487,0.08125403
1479424340758610649,0.06676903
1479424340809804408,0.062196296
1479424340859428349,0.065039076
1479424340909387366,0.06691314
1479424340959500309,0.07374891
1479424341009250044,0.081078276
1479424341058344869,0.06402868
1479424341108528308,0.057453964
1479424341158160684,0.05338708
1479424341209178284,0.04347666
1479424341260355796,0.051213782
1479424341309378214,0.046392944
1479424341358331568,0.04908946
1479424341409542369,0.044081107
1479424341458436883,0.058928844
1479424341508495927,0.06373673
1479424341558346684,0.061251204
1479424341608845910,0.050801445
1479424341658293231,0.034269486
1479424341708872517,0.0363394
1479424341758388325,0.054137733
1479424341809499872,0.0535258
1479424341859536736,0.053679634
1479424341908631577,0.059642944
1479424341959503510,0.06028046
1479424342011548823,0.060536712
1479424342058416322,0.06243298
1479424342108377662,0.06484135
1479424342158913106,0.069609806
1479424342208273748,0.08182887
1479424342258619344,0.06746069
1479424342309036108,0.07346507
1479424342358394513,0.08262345
1479424342408718893,0.07628793
1479424342458677826,0.063970044
1479424342508628056,0.06255545
1479424342558775591,0.06688487
1479424342608881700,0.06737285
1479424342658703648,0.062666
1479424342708891578,0.062098965
1479424342758637876,0.05765813
1479424342808548518,0.053581055
1479424342858597525,0.049932037
1479424342908747657,0.050293818
1479424342958980322,0.053544123
1479424343009964092,0.051910892
1479424343058531269,0.061863665
1479424343108765166,0.057066828
1479424343159564462,0.05679296
1479424343212250559,0.057916794
1479424343258656523,0.06254521
1479424343309764037,0.06333562
1479424343358939080,0.0601048
1479424343408748149,0.049727652
1479424343458696812,0.05601356
1479424343509825604,0.057433143
1479424343560628672,0.058487758
1479424343609139011,0.06119977
1479424343660344589,0.05407804
1479424343709465581,0.056743458
1479424343758836779,0.06659471
1479424343809962977,0.080890134
1479424343858847332,0.0771764
1479424343909047985,0.092583336
1479424343959902120,0.094897166
1479424344008687482,0.08233
1479424344058452994,0.07554606
1479424344109732143,0.057927195
1479424344158523099,0.016317848
1479424344208765501,0.06803101
1479424344259432363,0.08630554
1479424344309069758,0.07405489
1479424344358580026,0.06762869
1479424344408863828,0.059201278
1479424344460023935,0.04733123
1479424344508872121,0.0546794
1479424344558668479,0.018476697
1479424344610931610,-0.001269136
1479424344658846381,0.055906806
1479424344708934338,0.06990174
1479424344758697949,0.055411257
1479424344811250762,0.057579786
1479424344859719427,0.017595332
1479424344908778067,0.018054109
1479424344959921868,0.019198027
1479424345009024660,0.0440203
1479424345058824356,0.049083512
1479424345108571366,0.039275773
1479424345159745662,0.017916441
1479424345208972482,0.024983663
1479424345258894647,0.019144569
1479424345308628609,0.019437931
1479424345359749705,0.021501886
1479424345408950487,0.019897126
1479424345458949502,0.031071115
1479424345508988078,0.052421235
1479424345558860455,0.025676057
1479424345608931126,-0.001269136
1479424345658762246,-0.001269136
1479424345708760102,-0.001269136
1479424345759936723,0.106052466
1479424345808839159,0.20259656
1479424345858800615,0.19138803
1479424345908806249,0.020142777
1479424345958875253,0.01933223
1479424346009133795,0.03886458
1479424346058822021,0.016374335
1479424346108853405,0.004804228
1479424346158871516,0.039624598
1479424346209025938,0.0572962
1479424346259674806,0.06325492
1479424346308896139,0.06045574
1479424346358909839,0.01974377
1479424346409152524,0.019411026
1479424346460386584,0.018704003
1479424346508924778,0.019321887
1479424346559141580,0.05777376
1479424346608865239,0.039820466
1479424346659337464,0.028333904
1479424346709208678,0.01910107
1479424346759847326,0.018567743
1479424346809204430,0.01921447
1479424346860072867,0.0193878
1479424346910069665,0.020091686
1479424346959112955,0.038446985
1479424347009036858,0.01923469
1479424347059159727,0.035916135
1479424347109144321,0.062278587
1479424347159173866,0.056731153
1479424347210280409,0.06183414
1479424347259201907,0.054262742
1479424347309280508,0.061346814
1479424347359328576,0.07504535
1479424347409306401,0.033277344
1479424347459172539,0.049186107
1479424347509062032,0.019419366
1479424347558994941,0.019368157
1479424347609348854,0.04676299
1479424347659174476,0.017963339
1479424347709495219,0.044196185
1479424347759329276,0.037434906
1479424347809359667,0.01902249
1479424347863505691,0.053041924
1479424347909418352,0.02461593
1479424347959973208,0.022365926
1479424348010728581,0.020861302
1479424348060557242,0.019016793
1479424348109318496,0.019255051
1479424348159458678,0.018811159
1479424348209167024,0.035313092
1479424348259337206,0.018362317
1479424348310280453,0.0544331
1479424348359645978,-0.001269136
1479424348409695445,0.020640096
1479424348459240570,0.05839874
1479424348509575907,0.0006908332
1479424348559315023,0.020039264
1479424348609341744,0.02111364
1479424348659434708,0.019162381
1479424348709222016,0.03666295
1479424348760793608,0.038099173
1479424348809542462,0.018019278
1479424348859494331,0.017975377
1479424348909635218,0.018900048
1479424348959638716,0.019610357
1479424349009309714,0.019074466
1479424349059679922,0.043038182
1479424349114207889,0.018995225
1479424349161545679,-0.001269136
1479424349210122890,-0.001269136
1479424349259720100,-0.001269136
1479424349309731655,-0.001269136
1479424349359956401,0.019407127
1479424349409950188,0.02893297
1479424349461262805,-0.001269136
1479424349509917206,0.018992847
1479424349560555613,0.03841944
1479424349612168083,0.04513026
1479424349659913210,0.01885802
1479424349709889013,-0.001269136
1479424349759810885,-0.001269136
1479424349811175907,-0.02523665
1479424349859840586,-0.025021883
1479424349911632680,-0.001269136
1479424349960717353,0.017770953
1479424350011171296,-0.001269136
1479424350059902633,0.017522026
1479424350110191744,0.05564697
1479424350159920232,0.060597923
1479424350210022042,0.036260843
1479424350259835125,0.018105296
1479424350310078896,-0.001269136
1479424350359944157,-0.001269136
1479424350410024863,0.016640173
1479424350460780157,0.02582207
1479424350510047342,0.030868843
1479424350560254992,0.03087836
1479424350610007622,-0.001269136
1479424350662294861,-0.001269136
1479424350710191247,-0.0066895946
1479424350760239238,-0.001269136
1479424350812554211,0.05588645
1479424350861122184,0.03621649
1479424350910024275,0.048913926
1479424350960251964,0.03190659
1479424351010171347,0.016823765
1479424351060247261,-0.001269136
1479424351111405151,-0.001269136
1479424351160120352,-0.001269136
1479424351210528021,-0.001269136
1479424351260395910,-0.001269136
1479424351311494634,0.08536915
1479424351360548036,0.08156598
1479424351410158078,0.057960223
1479424351460288877,0.046320964
1479424351510092467,0.04241941
1479424351561505576,0.054997485
1479424351610287827,0.06501151
1479424351661189886,0.064789556
1479424351710299752,0.01872132
1479424351761386178,-0.001269136
1479424351809967505,-0.001269136
1479424351860328177,0.0051651956
1479424351914796081,0.07918221
1479424351961361052,0.07919474
1479424352010140710,0.08299382
1479424352063111960,0.06911641
1479424352110312592,0.09454935
1479424352160238349,0.06502722
1479424352210744600,0.065116376
1479424352260264215,0.049269523
1479424352310277407,0.047090475
1479424352360429360,0.043439444
1479424352410456774,0.032962658
1479424352461433570,0.032274943
1479424352511279439,0.017115057
1479424352561315074,0.013055946
1479424352613000983,0.017047364
1479424352662389854,0.035409614
1479424352712400271,0.040545125
1479424352760576061,0.044353265
1479424352812591358,0.030162115
1479424352860518942,0.017094608
1479424352910588148,-0.001269136
1479424352962037242,0.014040748
1479424353010391527,-0.001269136
1479424353060360094,-0.001269136
1479424353110682609,0.016693225
1479424353160979213,0.033740442
1479424353210550725,0.06635775
1479424353260325822,0.04494875
1479424353310453803,0.047524076
1479424353360434351,0.033268254
1479424353410466608,0.018566472
1479424353461774404,0.011691996
1479424353510855347,-0.01555577
1479424353560589339,-0.018847793
1479424353610751043,-0.001269136
1479424353660725494,-0.001269136
1479424353712951818,0.01837895
1479424353761186150,-0.001269136
1479424353811181038,-0.001269136
1479424353860988909,0.08989336
1479424353911555289,0.068297505
1479424353961303435,0.0660786
1479424354012237652,0.094076924
1479424354060440155,0.046128515
1479424354110544388,-0.030754577
1479424354160693606,-0.025609983
1479424354211197482,-0.015362877
1479424354260806857,0.016727122
1479424354311743761,0.0922511
1479424354361684719,0.08292983
1479424354411006252,0.03643624
1479424354460667571,0.040248174
1479424354511653883,0.018822936
1479424354560693527,0.05136412
1479424354610728126,0.073724814
1479424354665176684,0.06749931
1479424354710730502,0.07147288
1479424354761726623,0.066216
1479424354810744059,0.01924207
1479424354862769850,0.028966682
1479424354910629940,0.019007476
1479424354960800689,0.059638236
1479424355010810395,0.10418175
1479424355060870013,0.09941446
1479424355111006732,0.06903514
1479424355160888918,0.044901114
1479424355211098894,0.017052457
1479424355260471595,-0.001269136
1479424355310905844,0.014175489
1479424355360860072,-0.001269136
1479424355410776508,0.015544305
1479424355460959586,0.015521095
1479424355512490948,0.018009348
1479424355560925435,0.034004737
1479424355611005112,-0.001269136
1479424355661741226,-0.013311406
1479424355711750570,-0.015725184
1479424355761839401,-0.001269136
1479424355811849070,-0.001269136
1479424355863026583,-0.001269136
1479424355910963304,-0.001269136
1479424355961109072,-0.001269136
1479424356011108750,0.022621311
1479424356061078847,0.06371742
1479424356110938131,0.03681043
1479424356161011972,0.010677981
1479424356211153330,0.015847228
1479424356260870183,0.012907237
1479424356311011789,-0.001269136
1479424356361159191,-0.02477622
1479424356411288872,-0.024990043
1479424356460849347,-0.027017906
1479424356511058609,-0.037378892
1479424356560970839,-0.035698265
1479424356611189017,-0.036336366
1479424356663368670,-0.015831541
1479424356711329634,0.01315011
1479424356760989857,0.016633745
1479424356811443808,0.013591141
1479424356862126023,0.015243269
1479424356912527524,0.016945077
1479424356963122794,0.017311031
1479424357011163597,-0.001269136
1479424357062215493,-0.001269136
1479424357112647188,-0.001269136
1479424357162147794,-0.016479617
1479424357211293399,-0.001269136
1479424357261124189,-0.001269136
1479424357311234640,-0.028635731
1479424357361035921,-0.001269136
1479424357411197315,-0.015908087
1479424357461337143,-0.017080665
1479424357511176615,-0.023582717
1479424357561446809,-0.029594423
1479424357611496477,-0.029247513
1479424357661475209,-0.030533928
1479424357712574294,-0.016188288
1479424357761263881,-0.021826133
1479424357811248696,-0.015117479
1479424357862011118,-0.014224995
1479424357913901747,-0.03506556
1479424357961540372,-0.06865544
1479424358012710006,-0.08874205
1479424358061373324,-0.053776685
1479424358112690483,-0.083151534
1479424358161339946,-0.027875181
1479424358211327188,-0.08852597
1479424358261175951,-0.101893626
1479424358319315618,-0.09969008
1479424358364229358,-0.11266846
1479424358411297875,-0.10448736
1479424358461193451,-0.093884476
1479424358511380184,-0.09860895
1479424358561466676,-0.06560311
1479424358611496862,-0.053592544
1479424358661532088,-0.05873757
1479424358712732436,-0.09397424
1479424358761196363,-0.08059169
1479424358811419355,-0.035159785
1479424358861288666,-0.02951416
1479424358911388544,-0.041616365
1479424358961457005,-0.075560726
1479424359011440407,-0.09407262
1479424359061412982,-0.09613166
1479424359112095928,-0.05732301
1479424359161075518,-0.050262555
1479424359211389148,-0.042945642
1479424359261153662,-0.055089638
1479424359312142438,-0.062181618
1479424359361181517,-0.09723602
1479424359411290256,-0.08640311
1479424359461589713,-0.05982661
1479424359511645875,-0.09373343
1479424359561339073,-0.103451274
1479424359611450232,-0.07823591
1479424359661774972,-0.068460174
1479424359712854740,-0.09926013
1479424359761392254,-0.107262194
1479424359811604470,-0.04194758
1479424359861715143,-0.040575985
1479424359911625594,-0.03967875
1479424359962857734,-0.060285687
1479424360011434212,-0.05853496
1479424360061583562,-0.052845534
1479424360111794029,-0.061921336
1479424360161469627,-0.068957664
1479424360211731118,-0.07341787
1479424360261689289,-0.1768339
1479424360312581084,-0.1725389
1479424360362331074,-0.16827944
1479424360412445787,-0.163374
1479424360461655487,-0.14858624
1479424360514315744,-0.06598529
1479424360561412785,-0.057190616
1479424360611456155,-0.100709304
1479424360661607736,-0.07936017
1479424360711485259,-0.10331575
1479424360761642269,-0.09620097
1479424360811397877,-0.12472049
1479424360862915617,-0.1253364
1479424360911733204,-0.10340335
1479424360961516548,-0.117868796
1479424361011632980,-0.15944998
1479424361063918320,-0.15927932
1479424361111700680,-0.16489509
1479424361161603988,-0.16468865
1479424361213055935,-0.17348821
1479424361261769509,-0.18212017
1479424361311666143,-0.17908116
1479424361361628869,-0.14854379
1479424361411768713,-0.12958947
1479424361461724235,-0.0906962
1479424361511749726,-0.12022184
1479424361561899533,-0.12816814
1479424361611875807,-0.09622671
1479424361661798377,-0.10811145
1479424361711987292,-0.12403576
1479424361761835746,-0.1117467
1479424361811996444,-0.11254926
1479424361861786272,-0.1000035
1479424361913468207,-0.09883361
1479424361963281275,-0.10414703
1479424362012040419,-0.08646229
1479424362061928229,-0.0689049
1479424362112166393,-0.057973813
1479424362161950010,-0.057934716
1479424362212945893,-0.059139255
1479424362262195082,-0.07608604
1479424362312029683,-0.08208292
1479424362363121720,-0.08068342
1479424362413480677,-0.07066415
1479424362461935400,-0.08779863
1479424362512001626,-0.101140365
1479424362562464371,-0.12406817
1479424362611876793,-0.10433
1479424362662843583,-0.10020949
1479424362712074500,-0.10708778
1479424362764338544,-0.10854558
1479424362813079403,-0.100353815
1479424362863116070,-0.1023239
1479424362913129937,-0.05979681
1479424362963194929,-0.07685968
1479424363013298440,-0.0554483
1479424363062259550,-0.09257154
1479424363112497087,-0.076649815
1479424363162432011,-0.06895979
1479424363212639340,-0.060965054
1479424363262699961,-0.037188582
1479424363314113838,-0.043094948
1479424363362352327,-0.09645395
1479424363412904609,-0.08736734
1479424363464510429,-0.046086043
1479424363513611603,-0.028735615
1479424363564604279,-0.04888374
1479424363613879891,-0.048292186
1479424363663538318,-0.058349002
1479424363714241774,-0.08652429
1479424363762441361,-0.102051556
1479424363813329138,-0.089195654
1479424363862947938,-0.06052821
1479424363913376899,-0.054667067
1479424363964044022,-0.055352043
1479424364013055003,-0.051468864
1479424364063486912,-0.07315948
1479424364112843770,-0.09240973
1479424364162834251,-0.016223164
1479424364212537899,0.019174483
1479424364263086631,0.04900696
1479424364312716202,0.040383473
1479424364362786479,0.011033248
1479424364413127013,-0.05627902
1479424364462612102,-0.10039244
1479424364512565392,-0.08977012
1479424364562859685,-0.087261505
1479424364612633641,-0.06738721
1479424364662738485,-0.05230723
1479424364712978480,-0.035017136
1479424364762695293,-0.056645308
1479424364812849819,-0.04835749
1479424364862633364,-0.046616733
1479424364912548352,-0.1005901
1479424364963021177,-0.09683399
1479424365012874524,-0.099958785
1479424365064066141,-0.118929416
1479424365112721720,-0.13216394
1479424365162636373,-0.10628668
1479424365212634425,-0.098955005
1479424365264853279,-0.15955095
1479424365314312383,-0.06355113
1479424365362629679,-0.059158847
1479424365412728811,-0.07886668
1479424365464104578,-0.09783169
1479424365514303257,-0.10553745
1479424365564276402,-0.14754036
1479424365613105668,-0.1489533
1479424365658996063,-0.15677455
1479424365710334468,-0.16079788
1479424365762566916,-0.13909829
1479424365811954216,-0.1666287
1479424365861991494,-0.09471282
1479424365912897653,-0.09096769
1479424365962089082,-0.08859589
1479424366012174093,-0.13827337
1479424366062085942,-0.17601208
1479424366111727257,-0.15773004
1479424366161590678,-0.11980933
1479424366212784187,-0.11092738
1479424366261729641,-0.109485105
1479424366312090491,-0.09771258
1479424366361815037,-0.076122105
1479424366412308368,-0.102083854
1479424366461892343,-0.09823533
1479424366512094029,-0.103877045
1479424366563023300,-0.08605786
1479424366612973207,-0.057138454
1479424366662058479,-0.045298953
1479424366712772968,-0.053937204
1479424366762915443,-0.059055973
1479424366812047869,-0.0572958
1479424366861825058,-0.059245657
1479424366912392925,-0.10284291
1479424366961710996,-0.10836209
1479424367012710781,-0.11432958
1479424367062621998,-0.11302328
1479424367111938852,-0.15034941
1479424367163225305,-0.11205934
1479424367212161806,-0.113266274
1479424367262335126,-0.10675903
1479424367312207881,-0.058617167
1479424367362033246,-0.052720718
1479424367411515348,-0.055429257
1479424367461526498,-0.101624966
1479424367511121154,-0.05557881
1479424367561080861,-0.08116576
1479424367611192602,-0.10625586
1479424367661270578,-0.11031869
1479424367711301318,-0.10712246
1479424367761275643,-0.10505144
1479424367811325146,-0.10506386
1479424367861324256,-0.09994015
1479424367911374240,-0.097280756
1479424367961657709,-0.10758855
1479424368011189728,-0.11165132
1479424368061557521,-0.11317146
1479424368111319267,-0.09680974
1479424368161355914,-0.063222945
1479424368211367846,-0.05264991
1479424368261379940,-0.040259544
1479424368311341813,-0.016935935
1479424368361372779,-0.055963635
1479424368411436643,-0.10679155
1479424368461533136,-0.09160672
1479424368511419567,-0.095204644
1479424368561584601,-0.09930897
1479424368611423917,-0.093088105
1479424368662070728,-0.069383994
1479424368711451277,-0.08631608
1479424368761451886,-0.07480861
1479424368811441384,-0.065126896
1479424368861349893,-0.06483329
1479424368911428087,-0.08754077
1479424368961503648,-0.090705596
1479424369011399128,-0.10781334
1479424369061503692,-0.09568122
1479424369111582526,-0.078499764
1479424369161398046,-0.0870318
1479424369211894243,-0.06826673
1479424369261559723,-0.06301161
1479424369311603690,-0.051683877
1479424369361481483,-0.048035216
1479424369411557134,-0.06408356
1479424369461546629,-0.08832458
1479424369511676523,-0.12015709
1479424369561910128,-0.1353275
1479424369611647764,-0.14969377
1479424369661697948,-0.11093778
1479424369711695737,-0.1111979
1479424369761572923,-0.11394302
1479424369811715420,-0.11597308
1479424369861664433,-0.11500499
1479424369911860871,-0.10706064
1479424369961560627,-0.1018919
1479424370011683948,-0.10097402
1479424370061644499,-0.107116014
1479424370111749350,-0.107572
1479424370162174869,-0.10846773
1479424370211850763,-0.108434096
1479424370261925463,-0.10801891
1479424370312006396,-0.09553115
1479424370362178684,-0.09921773
1479424370411793884,-0.101968974
1479424370462243083,-0.09169778
1479424370511907957,-0.10780193
1479424370561907364,-0.10031207
1479424370611903539,-0.09181167
1479424370661890829,-0.10241457
1479424370711971334,-0.11046997
1479424370762269123,-0.10478195
1479424370811966128,-0.09681089
1479424370861967184,-0.11178198
1479424370911889847,-0.10890763
1479424370961855529,-0.12843117
1479424371012059342,-0.11126888
1479424371062040004,-0.10934577
1479424371112105976,-0.10554215
1479424371161990309,-0.10364833
1479424371212028447,-0.09957366
1479424371262156499,-0.10633875
1479424371312090434,-0.11018778
1479424371362044164,-0.13389696
1479424371412435059,-0.13544378
1479424371462444822,-0.11197204
1479424371512037397,-0.12223298
1479424371562039136,-0.11005546
1479424371610025839,-0.11109504
1479424371660478707,-0.11766648
1479424371713225514,-0.116411135
1479424371760164552,-0.13676065
1479424371813576116,-0.12552483
1479424371866613968,-0.15598004
1479424371913046217,-0.119513646
1479424371963977901,-0.10697327
1479424372013240595,-0.10554127
1479424372064243320,-0.10816423
1479424372113163892,-0.11019512
1479424372163159007,-0.110666715
1479424372213177001,-0.13053316
1479424372267648247,-0.14649487
1479424372313504896,-0.16578034
1479424372363201550,-0.16663252
1479424372413500569,-0.15053397
1479424372463527412,-0.10725055
1479424372513364939,-0.106914684
1479424372563206336,-0.10827608
1479424372613505670,-0.10986834
1479424372663423945,-0.10807622
1479424372714151465,-0.107678115
1479424372763255889,-0.11035253
1479424372813282279,-0.109255545
1479424372863462719,-0.10333435
1479424372913598544,-0.09986009
1479424372963328794,-0.10699561
1479424373013897668,-0.09847336
1479424373062385373,-0.109972395
1479424373112857416,-0.120004766
1479424373162636670,-0.10597119
1479424373212297132,-0.10815712
1479424373262242087,-0.109120496
1479424373312587542,-0.09946837
1479424373362367205,-0.09520871
1479424373412185238,-0.10530781
1479424373462337400,-0.10570455
1479424373512356840,-0.10690435
1479424373562360891,-0.10965507
1479424373612302853,-0.107515775
1479424373662270679,-0.10675348
1479424373713107906,-0.0946857
1479424373762313717,-0.08537393
1479424373812345387,-0.10166046
1479424373862747054,-0.10394022
1479424373912474826,-0.10636151
1479424373962458392,-0.10100981
1479424374012356636,-0.10927098
1479424374062397018,-0.11018587
1479424374112575866,-0.11213436
1479424374162637499,-0.112086974
1479424374212376998,-0.11026475
1479424374262644478,-0.10683327
1479424374312397929,-0.107508846
1479424374362441493,-0.10704887
1479424374412618462,-0.10574839
1479424374460774888,-0.093708575
1479424374514921632,-0.09023143
1479424374563636393,-0.109095745
1479424374613213451,-0.09982712
1479424374663201499,-0.075069
1479424374713368977,-0.07788606
1479424374763300862,-0.07644884
1479424374813244338,-0.095102206
1479424374863283739,-0.13677152
1479424374914244032,-0.14526415
1479424374963493456,-0.14489765
1479424375015452699,-0.11991593
1479424375064100314,-0.11914313
1479424375114172544,-0.14979886
1479424375163344972,-0.118862964
1479424375213405896,-0.107933246
1479424375263257150,-0.10498252
1479424375313297736,-0.107499726
1479424375363305143,-0.10659982
1479424375414363304,-0.1087364
1479424375463623280,-0.11133574
1479424375513448597,-0.10719478
1479424375563339605,-0.1086209
1479424375613582297,-0.112563334
1479424375663390535,-0.11170187
1479424375713886055,-0.109387204
1479424375763968538,-0.10972029
1479424375814006832,-0.108259775
1479424375863603751,-0.092828766
1479424375913708465,-0.093873315
1479424375963447295,-0.09568446
1479424376013472977,-0.09827109
1479424376063847980,-0.09179937
1479424376113566287,-0.091349706
1479424376163853764,-0.09049844
1479424376213675899,-0.079308785
1479424376263480548,-0.088959016
1479424376313586319,-0.10578982
1479424376363700877,-0.10366776
1479424376413626660,-0.100533515
1479424376463443589,-0.09937973
1479424376513609813,-0.096698254
1479424376564327872,-0.109709755
1479424376614147014,-0.11164223
1479424376664043783,-0.10804584
1479424376713859936,-0.096390106
1479424376764101131,-0.0998517
1479424376814071886,-0.11077895
1479424376862647889,-0.12170881
1479424376912692751,-0.12341945
1479424376962679289,-0.12500063
1479424377012779669,-0.12093377
1479424377062668729,-0.11413849
1479424377112742478,-0.10493072
1479424377162704263,-0.09448112
1479424377212733558,-0.06568549
1479424377262728478,-0.059425723
1479424377312904177,-0.058286157
1479424377363192791,-0.07283971
1479424377413437544,-0.1045204
1479424377462849771,-0.111037806
1479424377512777789,-0.12419289
1479424377562802873,-0.12313574
1479424377613193168,-0.116235524
1479424377663065010,-0.108058915
1479424377712842357,-0.09448345
1479424377762844672,-0.08622772
1479424377812807362,-0.09466993
1479424377862896543,-0.09608791
1479424377912141825,-0.09033356
1479424377962153547,-0.09721404
1479424378012358459,-0.09301153
1479424378062213612,-0.11072093
1479424378112190425,-0.10832644
1479424378162210487,-0.10765959
1479424378212195154,-0.08309493
1479424378263297069,-0.076589875
1479424378315126240,-0.08959141
1479424378363611137,-0.10080471
1479424378413223429,-0.111435324
1479424378463693908,-0.106425665
1479424378513598909,-0.09927751
1479424378563940378,-0.06653113
1479424378611423682,-0.08712987
1479424378664170397,-0.046842385
1479424378715886985,-0.069140844
1479424378765068389,-0.08850268
1479424378814918109,-0.09441884
1479424378865265590,-0.09922862
1479424378914676421,-0.07636428
1479424378965386073,-0.056620497
1479424379015589106,-0.060412575
1479424379061637256,-0.1010994
1479424379112805010,-0.09070079
1479424379162191184,-0.08550223
1479424379212143219,-0.08134695
1479424379262146375,-0.05573299
1479424379313917882,-0.059840307
1479424379364122412,-0.060959768
1479424379415569353,-0.058177438
1479424379464544485,-0.05000713
1479424379516106071,-0.09649944
1479424379564765933,-0.11510881
1479424379614605223,-0.10430494
1479424379664696365,-0.08709225
1479424379714860264,-0.08874006
1479424379764679579,-0.083766975
1479424379814578306,-0.08613429
1479424379864604301,-0.0735132
1479424379915007782,-0.07375056
1479424379964394757,-0.10363901
1479424380015423626,-0.13451338
1479424380064163926,-0.08238142
1479424380115534982,-0.088644065
1479424380164231846,-0.09426933
1479424380213524232,-0.08508157
1479424380263970562,-0.058496855
1479424380313532573,-0.06485638
1479424380363463097,-0.059563927
1479424380413672558,-0.06424116
1479424380463605951,-0.07703384
1479424380513517641,-0.08637826
1479424380562710521,-0.09021322
1479424380613335148,-0.10522857
1479424380663333533,-0.1069926
1479424380713204221,-0.1069997
1479424380763579897,-0.10956668
1479424380813313132,-0.105032094
1479424380863310101,-0.09184447
1479424380913238504,-0.0822512
1479424380963391412,-0.07491056
1479424381013475776,-0.08995786
1479424381063213873,-0.10527713
1479424381113638674,-0.107206136
1479424381163352691,-0.10803314
1479424381213266628,-0.111844964
1479424381263201230,-0.12143684
1479424381313205096,-0.16231501
1479424381363292001,-0.103947066
1479424381413243708,-0.101675056
1479424381463207835,-0.08281507
1479424381513674857,-0.053425796
1479424381563272524,-0.07077988
1479424381613276463,-0.08815038
1479424381663658029,-0.110361725
1479424381714883846,-0.14152634
1479424381765649478,-0.17626727
1479424381814821853,-0.19510184
1479424381865361939,-0.1650418
1479424381913714919,-0.10588181
1479424381963705728,-0.099364884
1479424382014159516,-0.08818125
1479424382064044472,-0.077346265
1479424382114461066,-0.08156221
1479424382164171847,-0.104300275
1479424382213719687,-0.10998009
1479424382263935357,-0.15103254
1479424382314281413,-0.14398554
1479424382363887880,-0.111305155
1479424382415514146,-0.10081819
1479424382463901154,-0.09760737
1479424382514061892,-0.10264109
1479424382563880912,-0.09266368
1479424382613921580,-0.08912972
1479424382663887333,-0.087158225
1479424382713909214,-0.09344345
1479424382763954454,-0.09329628
1479424382813931554,-0.08862698
1479424382864031761,-0.084267385
1479424382913963056,-0.06428866
1479424382964712636,-0.07522606
1479424383013981039,-0.09785732
1479424383063952468,-0.091666505
1479424383114099853,-0.06921966
1479424383164191494,-0.07305499
1479424383214218525,-0.05676215
1479424383264040931,-0.03773393
1479424383313993303,-0.022249054
1479424383364138773,-0.0129866265
1479424383414125847,-0.012706699
1479424383464086141,-0.04287718
1479424383514783595,-0.057683922
1479424383564222202,-0.058071606
1479424383614706433,-0.06570785
1479424383664230254,-0.028971873
1479424383714201045,-0.023904515
1479424383764071254,-0.013384179
1479424383814829211,-0.015442861
1479424383864198431,-0.011606121
1479424383914160148,-0.0034801501
1479424383964156744,-0.02509567
1479424384014098334,-0.016210608
1479424384064195904,-0.0299073
1479424384114239864,-0.029009582
1479424384164344828,-0.02617961
1479424384214232377,-0.001269136
1479424384264254947,-0.001269136
1479424384314304968,-0.001269136
1479424384364172851,0.01228999
1479424384412315679,-0.001269136
1479424384462289941,-0.001269136
1479424384512295913,-0.001269136
1479424384562304596,-0.030487109
1479424384613858191,-0.026870977
1479424384663898730,-0.01590999
1479424384713907443,-0.015244964
1479424384763842842,-0.02614177
1479424384813816192,-0.01842121
1479424384863916561,-0.014335802
1479424384913875077,-0.001269136
1479424384964497469,-0.001269136
1479424385014538549,-0.0060681826
1479424385064664278,-0.012632078
1479424385112587250,-0.014415186
1479424385162301868,-0.011262806
1479424385212419277,-0.015422745
1479424385265447105,-0.030146025
1479424385314456560,-0.028005319
1479424385364690127,-0.014683331
1479424385415571632,-0.021933705
1479424385464545911,-0.024900688
1479424385514680237,-0.033043623
1479424385564605242,-0.044985905
1479424385615288032,-0.059427354
1479424385664685422,-0.06497602
1479424385714760210,-0.040930443
1479424385764750751,-0.001269136
1479424385814685828,-0.012391135
1479424385864698013,-0.010165287
1479424385914643424,-0.012226066
1479424385964817663,-0.001269136
1479424386015325716,-0.001269136
1479424386064834652,-0.001269136
1479424386115434016,-0.001269136
1479424386164693481,-0.001269136
1479424386216089167,-0.001269136
1479424386264884940,-0.008299849
1479424386314820583,-0.027307848
1479424386364786914,-0.029758116
1479424386415501450,-0.014067038
1479424386465456980,-0.014327423
1479424386514907253,-0.001269136
1479424386564828553,0.008242445
1479424386614846931,0.014801756
1479424386664706715,0.023160947
1479424386714850631,0.023114722
1479424386765981918,0.023132324
1479424386812692632,0.01624358
1479424386862600545,-0.001269136
1479424386915588078,-0.017481567
1479424386965039998,-0.03019076
1479424387015101277,-0.021204598
1479424387065141118,-0.016170874
1479424387115239256,-0.001269136
1479424387165026793,0.010016223
1479424387215070598,0.025246505
1479424387265300200,0.015224902
1479424387315136055,0.015580893
1479424387365695111,-0.001269136
1479424387414932709,-0.013216705
1479424387464996568,-0.03358145
1479424387514963718,-0.04064295
1479424387565420781,-0.013944642
1479424387615051829,-0.008202998
1479424387665084107,0.009276585
1479424387714937404,0.025794819
1479424387765125248,0.016114969
1479424387814922963,0.02604938
1479424387865078366,0.016163861
1479424387914985801,-0.001269136
1479424387964972738,-0.001269136
1479424388018523705,-0.020517703
1479424388065738810,-0.054082293
1479424388115119705,-0.026143545
1479424388165099849,-0.04428722
1479424388215160958,-0.001269136
1479424388265081347,-0.001269136
1479424388315287025,-0.001269136
1479424388365225383,-0.001269136
1479424388414970972,-0.001269136
1479424388465150990,-0.016009368
1479424388515203590,-0.025173798
1479424388565102016,-0.01590848
1479424388616364437,-0.013175904
1479424388665936030,-0.001269136
1479424388717352488,-0.001269136
1479424388765281803,-0.032118715
1479424388815249348,-0.031192135
1479424388865247892,-0.03041067
1479424388915196954,-0.023498865
1479424388965307249,-0.017031929
1479424389015144322,-0.011930257
1479424389065442819,-0.001269136
1479424389115306183,-0.001269136
1479424389165265782,0.008076035
1479424389215379395,0.008768229
1479424389265399827,0.007536714
1479424389315647806,0.014172387
1479424389365488659,0.013475164
1479424389415243239,0.012313758
1479424389465808220,-0.001269136
1479424389515313934,-0.021108711
1479424389565350818,-0.028988678
1479424389615469083,-0.017277474
1479424389665307475,-0.014069668
1479424389715499125,-0.001269136
1479424389765371704,-0.001269136
1479424389815462682,-0.001269136
1479424389866174839,-0.0081410725
1479424389917942162,-0.017205618
1479424389965514692,-0.018562837
1479424390015846122,-0.023927147
1479424390065488316,-0.019230708
1479424390115535731,-0.01832925
1479424390165406752,-0.019772952
1479424390215496453,-0.026958229
1479424390265535460,-0.029353406
1479424390315391057,-0.0374151
1479424390365525046,-0.034648377
1479424390417540695,-0.035145745
1479424390465381771,-0.022531623
1479424390515456596,-0.001269136
1479424390565781017,-0.001269136
1479424390615609904,0.005467241
1479424390665321766,-0.001269136
1479424390717565728,-0.010907479
1479424390765854165,-0.02816622
1479424390813387539,-0.03208295
1479424390863646300,-0.037776627
1479424390915528382,-0.03443947
1479424390965896890,-0.032367483
1479424391015521096,-0.026337873
1479424391065622174,-0.0130453305
1479424391115582511,-0.001269136
1479424391165762346,-0.001269136
1479424391215696883,-0.001269136
1479424391265680961,-0.009269676
1479424391316259982,-0.009334684
1479424391365701740,-0.008865676
1479424391415625987,-0.010073955
1479424391465874158,-0.011925869
1479424391515556791,-0.012914908
1479424391565604994,-0.01966297
1479424391616003665,-0.022425143
1479424391665945124,-0.021445347
1479424391716219235,-0.008533953
1479424391765813421,-0.001269136
1479424391815940480,-0.014063931
1479424391867896001,-0.010979263
1479424391916631835,-0.011012904
1479424391965864945,-0.0074071293
1479424392015730519,-0.001269136
1479424392066523799,0.006286226
1479424392116551283,-0.001269136
1479424392165736957,-0.0059050214
1479424392213703054,-0.012512951
1479424392265952675,-0.012585273
1479424392315819589,-0.012625456
1479424392365868318,-0.013002099
1479424392415868331,-0.012816098
1479424392465777739,-0.001269136
1479424392515767036,-0.001269136
1479424392565828252,0.016950918
1479424392616228385,0.01999423
1479424392665869736,0.0067253956
1479424392715991513,-0.001269136
1479424392765984621,-0.019570043
1479424392815837712,-0.03279997
1479424392866251431,-0.02978731
1479424392915898016,-0.012777078
1479424392965990929,-0.012808403
1479424393015977444,-0.001269136
1479424393065849221,0.005776945
1479424393115883519,-0.001269136
1479424393165802761,-0.001269136
1479424393216103636,-0.001269136
1479424393266038600,-0.001269136
1479424393316173061,-0.001269136
1479424393368822217,-0.001269136
1479424393416513747,-0.001269136
1479424393466282062,0.012953981
1479424393517919726,0.010799172
1479424393567811746,0.025325667
1479424393615315480,0.038553577
1479424393665228236,0.0123040425
1479424393715450328,0.012014861
1479424393765354660,-0.001269136
1479424393815681312,-0.013393923
1479424393865325172,-0.018282384
1479424393915408522,-0.024712127
1479424393965974441,-0.02577919
1479424394016069547,-0.022652805
1479424394066068460,-0.014049886
1479424394116885074,-0.001269136
1479424394166139571,0.017004812
1479424394216414404,0.024695592
1479424394266242322,0.017300256
1479424394316119532,0.023016324
1479424394366665951,0.023290223
1479424394416800300,0.00997877
1479424394466460029,0.012194432
1479424394516049221,0.013652537
1479424394566088988,-0.030045634
1479424394616062313,-0.013658369
1479424394666103728,-0.001269136
1479424394716129886,0.009556783
1479424394766028662,0.012446896
1479424394816207864,0.015555992
1479424394866005977,-0.001269136
1479424394916305309,-0.001269136
1479424394966145801,0.029363133
1479424395016324721,0.017472792
1479424395066719352,0.039576676
1479424395116117396,0.034330096
1479424395166056503,0.011844994
1479424395216159593,0.01061206
1479424395266105659,0.015345891
1479424395316202757,0.009085392
1479424395366777489,-0.001269136
1479424395416105180,0.011782689
1479424395466390887,0.014568844
1479424395516157827,0.011169658
1479424395565985850,0.018361343
1479424395615953704,0.015854547
1479424395666041671,0.0138188545
1479424395716069305,-0.001269136
1479424395765938076,-0.001269136
1479424395816186401,-0.001269136
1479424395866172770,-0.001269136
1479424395916266058,-0.001269136
1479424395966460072,-0.001269136
1479424396016409292,-0.001269136
1479424396066499867,-0.001269136
1479424396116443905,-0.001269136
1479424396166409471,-0.001269136
1479424396216688158,-0.001269136
1479424396266465988,-0.001269136
1479424396316513599,-0.017551744
1479424396366381083,-0.010676638
1479424396416525760,-0.009809785
1479424396466598247,-0.010623909
1479424396516466760,-0.001269136
1479424396566359190,-0.001269136
1479424396617042772,-0.013450094
1479424396666471531,-0.013788416
1479424396716410103,-0.001269136
1479424396767046044,-0.001269136
1479424396816529443,-0.001269136
1479424396866495849,0.015202442
1479424396916561054,0.014718606
1479424396966767077,0.011860588
1479424397017052127,-0.001269136
1479424397066501477,-0.001269136
1479424397116650425,-0.001269136
1479424397166534181,-0.018885449
1479424397216637043,-0.001269136
1479424397266446228,-0.001269136
1479424397316446437,-0.001269136
1479424397367020673,-0.0055047977
1479424397416849218,-0.0106742
1479424397466612422,-0.029504655
1479424397516406143,-0.041632082
1479424397566633436,-0.05205026
1479424397616689199,-0.054379616
1479424397666667642,-0.020548368
1479424397716720517,-0.013566515
1479424397767207884,-0.01713646
1479424397816618840,-0.001269136
1479424397866956446,-0.001269136
1479424397916898109,-0.001269136
1479424397966773267,-0.001269136
1479424398017262792,-0.001269136
1479424398066908100,0.02244889
1479424398116678885,-0.001269136
1479424398167803225,-0.001269136
1479424398216585855,0.017805768
1479424398267339994,-0.001269136
1479424398317165110,-0.001269136
1479424398366792210,-0.001269136
1479424398416756271,-0.001269136
1479424398466788055,-0.010656601
1479424398516787040,-0.02245905
1479424398566668248,-0.014376959
1479424398616906351,-0.026849082
1479424398666676216,-0.018801283
1479424398716828853,-0.023612404
1479424398767311683,-0.01342158
1479424398816853822,-0.010695492
1479424398866890553,-0.001269136
1479424398916958282,-0.001269136
1479424398966968352,-0.001269136
1479424399017263706,-0.001269136
1479424399066891322,-0.001269136
1479424399117659944,-0.001269136
1479424399166939587,-0.001269136
1479424399216966705,0.009474887
1479424399266848908,0.0073487246
1479424399317000424,-0.001269136
1479424399366957443,-0.001269136
1479424399417011042,-0.001269136
1479424399467499582,-0.013903284
1479424399516942140,-0.026604688
1479424399566933514,-0.028323306
1479424399617626862,-0.024534227
1479424399667113587,-0.013527094
1479424399717131146,-0.001269136
1479424399767507184,-0.001269136
1479424399816995064,-0.001269136
1479424399867164537,-0.013290109
1479424399917043875,-0.019799924
1479424399967704238,-0.015761292
1479424400017005466,-0.021148037
1479424400067221931,-0.016707221
1479424400117122086,-0.015854621
1479424400169011434,-0.014085021
1479424400216981490,-0.025742432
1479424400267192250,-0.001269136
1479424400316998483,-0.001269136
1479424400367438016,-0.001269136
1479424400417755291,-0.020741353
1479424400467424391,-0.014482753
1479424400517215132,-0.026133453
1479424400567215744,-0.038386367
1479424400617158724,-0.02940607
1479424400667852239,-0.028656056
1479424400717170830,-0.020946791
1479424400767341552,-0.02763489
1479424400817670591,-0.02750455
1479424400867607133,-0.026213916
1479424400917650655,-0.02734121
1479424400967375368,-0.02617926
1479424401017209965,-0.016551811
1479424401067321314,-0.001269136
1479424401117745891,-0.018022973
1479424401167947753,-0.032681614
1479424401217216604,-0.053489655
1479424401267392587,-0.090444736
1479424401317185377,-0.097215354
1479424401367408271,-0.10870942
1479424401417554935,-0.09098554
1479424401467268301,-0.108904704
1479424401517451676,-0.09779871
1479424401567254747,-0.057155874
1479424401617196587,-0.0517197
1479424401667564928,-0.05574561
1479424401717520749,-0.060555257
1479424401767287805,-0.08362807
1479424401817687639,-0.08714046
1479424401867362184,-0.089197055
1479424401917394159,-0.08564267
1479424401967413894,-0.08697976
1479424402017387645,-0.07935056
1479424402071399567,-0.09265187
1479424402117666080,-0.060615145
1479424402167748127,-0.044238005
1479424402217447094,-0.06542751
1479424402267525464,-0.07610841
1479424402317620809,-0.08606884
1479424402367626728,-0.08401499
1479424402417447655,-0.07624613
1479424402467535394,-0.058964387
1479424402517533231,-0.046607137
1479424402567886508,-0.028219147
1479424402617481416,-0.04126284
1479424402667670148,-0.037270743
1479424402717369243,-0.030531766
1479424402767548515,-0.030004578
1479424402817338896,-0.027710605
1479424402868279955,-0.081516
1479424402917499110,-0.09594639
1479424402967532448,-0.10209332
1479424403017382332,-0.109123185
1479424403067649263,-0.107581675
1479424403117441488,-0.106987186
1479424403167703523,-0.10338694
1479424403217678152,-0.099636585
1479424403267619610,-0.111990064
1479424403318241137,-0.10252936
1479424403367638978,-0.08548426
1479424403417845403,-0.08316647
1479424403467791529,-0.087252855
1479424403515597979,-0.09749343
1479424403565582589,-0.10059645
1479424403615616982,-0.06981503
1479424403667626401,-0.057609763
1479424403717479770,-0.049580693
1479424403767268395,-0.036076095
1479424403817487395,-0.04729776
1479424403867454177,-0.05578121
1479424403917317364,-0.050152786
1479424403967225031,-0.06064427
1479424404017342336,-0.060023446
1479424404067372622,-0.06089978
1479424404117267059,-0.066300295
1479424404167238625,-0.07700386
1479424404220860646,-0.08490821
1479424404267405084,-0.0658556
1479424404317266350,-0.072428115
1479424404367324783,-0.08490584
1479424404417233828,-0.077729344
1479424404467341772,-0.15061603
1479424404517380938,-0.15697746
1479424404567788909,-0.11256382
1479424404618618531,-0.09469679
1479424404667977370,-0.060329124
1479424404717945911,-0.06488192
1479424404767891255,-0.09431744
1479424404817833937,-0.11517006
1479424404868116858,-0.10862677
1479424404917997203,-0.11339824
1479424404967941695,-0.11427131
1479424405017991054,-0.09634929
1479424405067999442,-0.05975422
1479424405117999276,-0.07419917
1479424405167934475,-0.11530575
1479424405218135996,-0.09873229
1479424405267964942,-0.09163463
1479424405318323030,-0.08923102
1479424405368128191,-0.069558226
1479424405418149461,-0.05117862
1479424405468080464,-0.044843525
1479424405518159066,-0.048602022
1479424405568055872,-0.04718015
1479424405618222086,-0.045342103
1479424405668144668,-0.05856794
1479424405718140867,-0.061549105
1479424405768015599,-0.08285024
1479424405818038575,-0.089796536
1479424405867969431,-0.08450372
1479424405918299893,-0.086297646
1479424405968092644,-0.09738707
1479424406018181019,-0.084995955
1479424406068087821,-0.06894672
1479424406118096027,-0.09017845
1479424406167911049,-0.07775657
1479424406218622641,-0.10368632
1479424406269568316,-0.1281966
1479424406318078019,-0.13469611
1479424406368152902,-0.14448918
1479424406417964238,-0.13851544
1479424406468194402,-0.091074005
1479424406518085288,-0.094395906
1479424406568121293,-0.07823872
1479424406618120528,-0.08953095
1479424406666044257,-0.08362891
1479424406718899463,-0.080806136
1479424406768941968,-0.0889623
1479424406819505097,-0.102591194
1479424406869559796,-0.09925073
1479424406918902300,-0.09043875
1479424406969321700,-0.07939436
1479424407019809886,-0.086619265
1479424407069561723,-0.07089729
1479424407119239207,-0.05956515
1479424407168908592,-0.05782775
1479424407218972806,-0.0881348
1479424407269030814,-0.104261905
1479424407318922664,-0.09633635
1479424407369662270,-0.106146954
1479424407419030949,-0.097866684
1479424407468953065,-0.066069566
1479424407518955882,-0.08429327
1479424407569319890,-0.09829982
1479424407619066967,-0.10953405
1479424407669579564,-0.11635597
1479424407719108984,-0.11104994
1479424407769060551,-0.110744655
1479424407819990023,-0.10716
1479424407869118360,-0.102146305
1479424407919384236,-0.10385281
1479424407969341679,-0.10362051
1479424408019375162,-0.094207935
1479424408069187083,-0.09485069
1479424408119229472,-0.07119513
1479424408169240243,-0.0581655
1479424408220346186,-0.054484315
1479424408269891514,-0.05080607
1479424408319611518,-0.07556801
1479424408369100028,-0.100383446
1479424408419268520,-0.15151544
1479424408469890240,-0.14648832
1479424408519949065,-0.101453684
1479424408569937528,-0.07935058
1479424408620392283,-0.0636776
1479424408669855245,-0.043855965
1479424408720463104,-0.04439604
1479424408769871739,-0.05490424
1479424408819784720,-0.09479244
1479424408869792187,-0.11297105
1479424408919878126,-0.10612528
1479424408969427668,-0.10470743
1479424409026347984,-0.08422395
1479424409075531104,-0.08836769
1479424409134893574,-0.07431372
1479424409176399629,-0.057586767
1479424409226989403,-0.060140263
1479424409273160782,-0.07283999
1479424409322015081,-0.1045881
1479424409374176402,-0.10074808
1479424409421430479,-0.08799832
1479424409471708497,-0.061124556
1479424409521701797,-0.053999253
1479424409571466014,-0.04625699
1479424409621800473,-0.05610751
1479424409671594964,-0.0440578
1479424409721865458,-0.050364558
1479424409771743618,-0.06526699
1479424409822065808,-0.025465945
1479424409873288256,-0.047127392
1479424409923461336,-0.06767971
1479424409974136879,-0.073374204
1479424410023478343,-0.042211354
1479424410075764988,-0.04258685
1479424410124282858,-0.036419325
1479424410175311013,-0.080059364
1479424410222419733,-0.081414394
1479424410277461300,-0.08647742
1479424410324004113,-0.081717215
1479424410380824586,-0.11355836
1479424410424439401,-0.11201177
1479424410472302326,-0.110980935
1479424410522400202,-0.110519096
1479424410579598950,-0.103508145
1479424410624109342,-0.054339204
1479424410674739162,-0.050213918
1479424410723973383,-0.054067284
1479424410773879137,-0.058254816
1479424410824120617,-0.06211533
1479424410873947886,-0.06964665
1479424410923994431,-0.07144177
1479424410973316442,-0.080848195
1479424411022779038,-0.0950664
1479424411074132166,-0.0585435
1479424411122742096,-0.07986098
1479424411172237986,-0.057531103
1479424411222717374,-0.07689019
1479424411275974493,-0.10055899
1479424411322747362,-0.098210216
1479424411372283247,-0.10213137
1479424411422599015,-0.0887536
1479424411472560114,-0.05914038
1479424411523904407,-0.048009135
1479424411573616929,-0.051072013
1479424411622397852,-0.082332015
1479424411671965919,-0.07912113
1479424411721877266,-0.07791711
1479424411772048820,-0.08615463
1479424411824001656,-0.07381918
1479424411872547726,-0.055950202
1479424411922347488,-0.07518388
1479424411972491000,-0.084213994
1479424412022336398,-0.08797007
1479424412072425698,-0.08795144
1479424412122744370,-0.094398364
1479424412172761501,-0.0709866
1479424412222293728,-0.079837054
1479424412273136688,-0.06828871
1479424412322272240,-0.054592624
1479424412372631970,-0.058300186
1479424412425288780,-0.059345864
1479424412472590567,-0.06005904
1479424412522476864,-0.07350438
1479424412572624767,-0.081790596
1479424412622861180,-0.08092276
1479424412672973539,-0.06458088
1479424412722903657,-0.08367835
1479424412774404390,-0.06795706
1479424412822443657,-0.051463824
1479424412874344217,-0.051659144
1479424412924428449,-0.065017365
1479424412974226070,-0.08257271
1479424413022406674,-0.075338714
1479424413074310195,-0.08673506
1479424413122302099,-0.08857355
1479424413172561434,-0.0503614
1479424413222393503,-0.05978232
1479424413272138646,-0.06710865
1479424413322568752,-0.05735625
1479424413372520278,-0.05226076
1479424413422213169,-0.038360294
1479424413472803890,-0.05172238
1479424413524089486,-0.085047305
1479424413572453836,-0.04708426
1479424413625529481,-0.051457666
1479424413673875944,-0.057658993
1479424413722274258,-0.053968832
1479424413774703961,-0.04826856
1479424413824083373,-0.050396528
1479424413873037352,-0.036213126
1479424413926062270,-0.052933834
1479424413972650695,-0.030720128
1479424414025013435,-0.05195537
1479424414074461588,-0.08765764
1479424414124665393,-0.07323438
1479424414172734343,-0.09918363
1479424414222836725,-0.060309365
1479424414272881016,-0.05901272
1479424414322735909,-0.050879225
1479424414372674885,-0.073586166
1479424414424605490,-0.09370548
1479424414474531431,-0.102561675
1479424414522874114,-0.09129174
1479424414574909812,-0.081628226
1479424414622882505,-0.06363804
1479424414674106930,-0.07363975
1479424414722763689,-0.02948302
1479424414773086667,-0.029527554
1479424414822411616,-0.04596233
1479424414872807396,-0.040236004
1479424414922786826,-0.054783605
1479424414973805746,-0.05435666
1479424415022535256,-0.05827223
1479424415075132406,-0.046304163
1479424415124328499,-0.03761472
1479424415172745065,-0.028029514
1479424415222685100,-0.030422257
1479424415272995798,-0.027580503
1479424415322696331,-0.001269136
1479424415375021975,-0.015410921
1479424415423182449,-0.08083413
1479424415472678601,-0.016987555
1479424415523064486,-0.033755325
1479424415572607438,-0.05029452
1479424415622804928,-0.08917683
1479424415673044914,-0.056129
1479424415723247098,-0.001269136
1479424415774640612,-0.014710282
1479424415824777407,-0.01572243
1479424415874764185,-0.015190655
1479424415924743994,-0.028460339
1479424415974886860,-0.05410276
1479424416025503057,-0.056418423
1479424416073303178,-0.08070627
1479424416125430165,-0.044034403
1479424416174044731,-0.05088859
1479424416223770271,-0.056154188
1479424416273628080,-0.08895611
1479424416326695993,-0.09595821
1479424416376958276,-0.08327763
1479424416423912309,-0.05742114
1479424416476974422,-0.04063142
1479424416523974387,-0.03198364
1479424416573987062,-0.0674042
1479424416624012695,-0.09678959
1479424416674089516,-0.06005398
1479424416725536507,-0.052783668
1479424416774023190,-0.06619238
1479424416825991703,-0.082680576
1479424416873779262,-0.10083701
1479424416923955065,-0.097318724
1479424416975130509,-0.07903533
1479424417023763353,-0.06095427
1479424417073999511,-0.06873234
1479424417123814958,-0.10514016
1479424417173498044,-0.10274476
1479424417223519048,-0.04188595
1479424417273832862,-0.03830851
1479424417323495664,-0.04584994
1479424417373658758,-0.044794895
1479424417423312383,-0.061447505
1479424417477144167,-0.05537047
1479424417523600315,-0.028858183
1479424417573606887,-0.054855518
1479424417625977182,-0.063627735
1479424417673791798,-0.04427379
1479424417726450419,-0.07699047
1479424417773688823,-0.08487151
1479424417823668942,-0.084159195
1479424417876003275,-0.07083182
1479424417924025513,-0.05112475
1479424417973810986,-0.02973973
1479424418027373173,-0.04394314
1479424418076193445,-0.058204245
1479424418124005168,-0.05312917
1479424418174608566,-0.029111305
1479424418224032869,-0.04422169
1479424418278091825,-0.08316727
1479424418323814495,-0.07410164
1479424418374089762,-0.065500006
1479424418423845984,-0.057755396
1479424418474762575,-0.047958184
1479424418523928349,-0.047459286
1479424418574701916,-0.022780467
1479424418624244213,-0.016830541
1479424418674780881,-0.024487605
1479424418723641357,-0.040855434
1479424418773967034,-0.08293519
1479424418825843211,-0.13158868
1479424418875990104,-0.121650375
1479424418928107477,-0.10728899
1479424418974486796,-0.10561092
1479424419024269206,-0.108891934
1479424419074034262,-0.09378065
1479424419124155761,-0.08874028
1479424419174805701,-0.013702484
1479424419224352316,-0.013990729
1479424419274171053,-0.015073886
1479424419323808538,-0.025107661
1479424419375988123,-0.10419299
1479424419426787786,-0.14621529
1479424419475105061,-0.13586101
1479424419525723033,-0.12149289
1479424419577500231,-0.08229925
1479424419624087222,-0.001269136
1479424419674104670,-0.001269136
1479424419728631150,-0.032091156
1479424419775961470,-0.082983546
1479424419826842412,-0.13195333
1479424419874086540,-0.15034778
1479424419924010540,-0.149722
1479424419974282435,-0.12197226
1479424420025900565,-0.14579543
1479424420075899357,-0.11673543
1479424420128658177,-0.12219811
1479424420175815857,-0.11724779
1479424420226420315,-0.10319198
1479424420274265336,-0.08892317
1479424420324301915,-0.090059035
1479424420374286419,-0.120665744
1479424420424294766,-0.15831746
1479424420474324967,-0.11552004
1479424420524216625,-0.11461835
1479424420577058952,-0.107897736
1479424420624093219,-0.09638135
1479424420674047642,-0.12556054
1479424420725959993,-0.12612624
1479424420776018901,-0.20113799
1479424420825945706,-0.15595193
1479424420875872096,-0.104071215
1479424420926188253,-0.10041832
1479424420976342902,-0.049411472
1479424421028837626,-0.019823993
1479424421074212153,-0.027972998
1479424421129332196,-0.079708226
1479424421174875219,-0.103012726
1479424421226050636,-0.12217687
1479424421274431549,-0.1149526
1479424421324647128,-0.12341701
1479424421376804021,-0.102325164
1479424421428997017,-0.17411187
1479424421474668160,-0.102105536
1479424421524349030,-0.10382256
1479424421574419382,-0.054853532
1479424421624674628,-0.027506055
1479424421675087457,-0.06656642
1479424421726927125,-0.10013886
1479424421775095455,-0.09769798
1479424421824515912,-0.06688096
1479424421878621507,-0.027868979
1479424421924648510,-0.030886903
1479424421974519670,-0.09580095
1479424422024060523,-0.124172606
1479424422074353966,-0.030492181
1479424422124710445,0.045217004
1479424422176023892,0.104635224
1479424422226267459,0.12816152
1479424422276224557,0.017557666
1479424422324353411,-0.057295363
1479424422375195432,-0.041689556
1479424422424580242,-0.046205338
1479424422474596929,0.107223004
1479424422524666244,0.10041508
1479424422574672702,0.1479206
1479424422624289068,0.34984362
1479424422674593555,0.41012037
1479424422724906881,0.24556348
1479424422774429110,0.018360728
1479424422827554771,0.068897426
1479424422874594862,0.03978448
1479424422924435551,-0.001269136
1479424422977223074,-0.001269136
1479424423029871901,-0.001269136
1479424423075228755,-0.001269136
1479424423125185550,-0.001269136
1479424423174559843,-0.0142718665
1479424423224866115,-0.03149711
1479424423274643800,-0.04229866
1479424423324655546,-0.0360019
1479424423374570042,-0.055871107
1479424423424914320,-0.046885062
1479424423474563172,-0.12753104
1479424423525416451,-0.07900548
1479424423575264168,-0.05160547
1479424423624745685,-0.082148984
1479424423674600642,-0.08327903
1479424423724652057,-0.031130984
1479424423774487064,-0.009815359
1479424423828150071,-0.014777225
1479424423879934802,-0.001269136
1479424423924827985,-0.001269136
1479424423974735613,0.0101742465
1479424424024440682,0.006975714
1479424424074626632,-0.007521881
1479424424124827170,-0.001269136
1479424424174705969,-0.031106638
1479424424224388375,-0.050040517
1479424424274761785,-0.09528983
1479424424324665158,-0.092700355
1479424424374524579,-0.05543753
1479424424424845147,-0.04309997
1479424424475021726,-0.031034715
1479424424526500149,-0.021579672
1479424424576543686,-0.0413299
1479424424626402541,-0.055023436
1479424424674908835,-0.030443147
1479424424726870809,-0.0064339507
1479424424774505237,-0.001269136
1479424424824658048,-0.001269136
1479424424874790236,-0.05124832
1479424424925049203,-0.11256688
1479424424974955556,-0.107017845
1479424425024602141,-0.07079771
1479424425074618827,-0.018078158
1479424425125133911,0.026410127
1479424425174629351,0.040173154
1479424425224677227,0.06884702
1479424425275493340,0.06686912
1479424425324492080,0.061918605
1479424425374706525,-0.009063539
1479424425424767681,-0.058662526
1479424425474395883,-0.019308154
1479424425524743533,-0.0055771144
1479424425574644755,0.01875788
1479424425625329182,9.756605e-05
1479424425674488497,0.01819452
1479424425724271551,0.01675444
1479424425776745679,-0.001269136
1479424425826901555,-0.001269136
1479424425876309337,0.018981697
1479424425926454952,-0.030287942
1479424425976189049,-0.017739315
1479424426026216547,0.03799288
1479424426074586822,0.0996166
1479424426124306612,0.16095006
1479424426174251899,0.09319866
1479424426224483964,0.034777284
1479424426274289696,-0.001269136
1479424426327640389,-0.016524855
1479424426376268633,-0.05388261
1479424426424494945,-0.020254498
1479424426474866704,-0.001269136
1479424426524425555,0.059287872
1479424426580476148,0.06637626
1479424426626564419,0.0646157
1479424426677164851,0.018171025
1479424426724197575,-0.07109999
1479424426776409578,-0.11218477
1479424426824064901,-0.015409048
1479424426874452705,0.19946651
1479424426924679806,0.086414166
1479424426974420302,0.05230664
1479424427024428992,-0.001269136
1479424427076296321,0.20416899
1479424427124292128,0.10631374
1479424427177076658,0.09397315
1479424427226171143,0.130621
1479424427274434565,0.19886956
1479424427324400132,0.15932256
1479424427374198440,0.17421743
1479424427424146970,0.15072998
1479424427474277837,-0.16500409
1479424427524502437,-0.14181155
1479424427574449454,-0.045015182
1479424427626317468,-0.18411958
1479424427674381497,0.14905633
1479424427724612667,0.15264113
1479424427774525693,0.1461441
1479424427824240914,-0.14162578
1479424427874677257,-0.0620888
1479424427924287451,-0.1539964
1479424427974487379,-0.1783924
1479424428024541254,-0.18411058
1479424428074325774,-0.19451775
1479424428124383158,-0.18118988
1479424428174684491,-0.1609855
1479424428224295534,-0.16475363
1479424428276176165,-0.13965686
1479424428326548810,-0.16254173
1479424428381836684,-0.17062312
1479424428424684939,-0.10106523
1479424428474599575,-0.17878751
1479424428524382799,-0.001269136
1479424428574676861,-0.17339878
1479424428624324624,-0.17648374
1479424428674777794,-0.1732613
1479424428724292638,-0.18542072
1479424428774456335,-0.19353585
1479424428825696463,-0.19305888
1479424428874246390,-0.09576481
1479424428924362061,-0.057348005
1479424428974571537,-0.057684306
1479424429024845483,-0.06150642
1479424429074857401,-0.1806161
1479424429124431186,-0.19632275
1479424429176372658,-0.19324458
1479424429224674817,-0.12456175
1479424429278824860,-0.0924616
1479424429326305410,-0.19879337
1479424429375965452,-0.1978648
1479424429425075207,-0.19936176
1479424429475103714,-0.20099293
1479424429524956205,-0.20740661
1479424429575957370,-0.20557867
1479424429626549420,-0.17483957
1479424429674960739,-0.15364699
1479424429724766214,-0.15718877
1479424429777334075,-0.17022714
1479424429825044901,-0.16933985
1479424429875431694,-0.17678256
1479424429926395582,-0.18368626
1479424429975445563,-0.18711044
1479424430027430708,-0.17711768
1479424430076478783,0.025551347
1479424430125573617,0.023232834
1479424430174937777,0.020211333
1479424430225665509,0.11980444
1479424430276304984,-0.077630326
1479424430327745338,-0.17528765
1479424430375085778,-0.17194928
1479424430424723473,-0.15688889
1479424430475065351,-0.11158984
1479424430526375513,-0.13017716
1479424430574618110,-0.084791616
1479424430624873773,-0.17493916
1479424430674710678,-0.05865666
1479424430725080247,-0.17464763
1479424430775276480,-0.17543127
1479424430824871178,-0.1706853
1479424430875169223,-0.14854993
1479424430925303584,-0.13739254
1479424430978021626,-0.1146667
1479424431025105806,-0.060289647
1479424431076583387,-0.050583776
1479424431127645582,-0.043368585
1479424431175158014,-0.061981894
1479424431225833971,-0.071386665
1479424431275075285,-0.058476124
1479424431325120022,-0.068131186
1479424431377878890,-0.07616429
1479424431425531519,-0.107755944
1479424431475187032,-0.11920169
1479424431525071389,-0.09205524
1479424431575569053,-0.12570424
1479424431625334708,-0.13944559
1479424431675534279,-0.10683439
1479424431725189094,-0.16835068
1479424431775064281,-0.09858954
1479424431824906660,-0.09822203
1479424431875071876,-0.0996194
1479424431925078116,-0.10492584
1479424431975410689,-0.106138095
1479424432025369389,-0.0511849
1479424432075534701,-0.059578203
1479424432125501621,-0.05925087
1479424432175959624,-0.026463395
1479424432225312179,-0.19312307
1479424432275308521,-0.2126543
1479424432325462950,-0.23088853
1479424432375420230,-0.27317008
1479424432425107553,-0.25363907
1479424432475085960,-0.268227
1479424432525222236,-0.26175332
1479424432575287837,-0.23269986
1479424432625049796,-0.24246067
1479424432675368657,-0.22982371
1479424432725178349,-0.23545787
1479424432775377492,-0.25947884
1479424432826378150,-0.21072139
1479424432875119538,-0.19582093
1479424432929971842,-0.18962198
1479424432975360492,-0.1912326
1479424433028423643,-0.18246971
1479424433075109291,-0.17602906
1479424433125795044,-0.17584741
1479424433175668418,-0.17383157
1479424433225310355,-0.15267552
1479424433275644834,-0.1083342
1479424433325321719,-0.1694596
1479424433379680622,-0.17066929
1479424433425324412,-0.16426684
1479424433476084246,-0.15827374
1479424433525656852,-0.1570866
1479424433575404116,-0.09792931
1479424433625435347,-0.099875726
1479424433675370865,-0.11380381
1479424433725570476,-0.035955112
1479424433776256619,-0.04103792
1479424433825220363,-0.01735829
1479424433877412765,-0.08301251
1479424433925668349,-0.10094827
1479424433975409009,-0.15351081
1479424434025358662,-0.16594382
1479424434075562238,-0.14948653
1479424434125544475,-0.1660711
1479424434175399038,-0.17510846
1479424434225591729,-0.09227969
1479424434275706821,-0.050056066
1479424434325552167,-0.1663757
1479424434375640254,-0.1639177
1479424434425784085,-0.16275351
1479424434475947238,-0.103439964
1479424434525497592,-0.13184945
1479424434575946274,-0.0695778
1479424434627221527,-0.05997049
1479424434675819552,-0.05186543
1479424434725725575,-0.058631826
1479424434775584459,-0.051481273
1479424434825669239,-0.0299879
1479424434875931306,-0.01691511
1479424434925645304,-0.03523171
1479424434975911095,-0.081141986
1479424435025909380,-0.1568117
1479424435076221241,-0.15038857
1479424435125765536,-0.16061234
1479424435175981824,-0.16965312
1479424435226184912,-0.19381365
1479424435279213793,-0.21944514
1479424435325882374,-0.22980276
1479424435375789805,-0.2136107
1479424435427496850,-0.21090828
1479424435476002051,-0.22048673
1479424435526036243,-0.23142475
1479424435575909776,-0.22435753
1479424435625784772,-0.21401145
1479424435675823645,-0.21946797
1479424435725696691,-0.20460631
1479424435776077125,-0.20935184
1479424435828138556,-0.21213202
1479424435878589249,-0.2212352
1479424435926299566,-0.21963738
